-- MySQL dump 10.13  Distrib 5.7.18, for Linux (x86_64)
--
-- Host: test-db.syndie.co.uk    Database: syndie
-- ------------------------------------------------------
-- Server version	5.6.29-log

/*!40101 SET @OLD_CHARACTER_SET_CLIENT=@@CHARACTER_SET_CLIENT */;
/*!40101 SET @OLD_CHARACTER_SET_RESULTS=@@CHARACTER_SET_RESULTS */;
/*!40101 SET @OLD_COLLATION_CONNECTION=@@COLLATION_CONNECTION */;
/*!40101 SET NAMES utf8 */;
/*!40103 SET @OLD_TIME_ZONE=@@TIME_ZONE */;
/*!40103 SET TIME_ZONE='+00:00' */;
/*!40014 SET @OLD_UNIQUE_CHECKS=@@UNIQUE_CHECKS, UNIQUE_CHECKS=0 */;
/*!40014 SET @OLD_FOREIGN_KEY_CHECKS=@@FOREIGN_KEY_CHECKS, FOREIGN_KEY_CHECKS=0 */;
/*!40101 SET @OLD_SQL_MODE=@@SQL_MODE, SQL_MODE='NO_AUTO_VALUE_ON_ZERO' */;
/*!40111 SET @OLD_SQL_NOTES=@@SQL_NOTES, SQL_NOTES=0 */;

--
-- Table structure for table `ball_type`
--

DROP TABLE IF EXISTS `ball_type`;
/*!40101 SET @saved_cs_client     = @@character_set_client */;
/*!40101 SET character_set_client = utf8 */;
CREATE TABLE `ball_type` (
  `id` int(11) NOT NULL AUTO_INCREMENT,
  `game_id` int(11) DEFAULT NULL,
  `hierarchy` int(11) DEFAULT NULL,
  `name` varchar(50) DEFAULT NULL,
  `quantity_in_pot` int(11) DEFAULT NULL,
  `quantity_drawn` int(11) DEFAULT NULL,
  PRIMARY KEY (`id`),
  KEY `fk_bt_game_idx` (`game_id`),
  CONSTRAINT `fk_bt_game` FOREIGN KEY (`game_id`) REFERENCES `game` (`id`) ON DELETE NO ACTION ON UPDATE NO ACTION
) ENGINE=InnoDB AUTO_INCREMENT=5 DEFAULT CHARSET=latin1;
/*!40101 SET character_set_client = @saved_cs_client */;

--
-- Dumping data for table `ball_type`
--

LOCK TABLES `ball_type` WRITE;
/*!40000 ALTER TABLE `ball_type` DISABLE KEYS */;
INSERT INTO `ball_type` VALUES (1,1,1,'White Balls',75,5),(2,1,2,'Golden Ball',15,1),(3,2,1,'White Balls',69,5),(4,2,2,'Powerball',26,1);
/*!40000 ALTER TABLE `ball_type` ENABLE KEYS */;
UNLOCK TABLES;

--
-- Table structure for table `brand`
--

DROP TABLE IF EXISTS `brand`;
/*!40101 SET @saved_cs_client     = @@character_set_client */;
/*!40101 SET character_set_client = utf8 */;
CREATE TABLE `brand` (
  `id` int(11) NOT NULL AUTO_INCREMENT,
  `head_back_colour` varchar(10) DEFAULT NULL,
  `head_fore_colour` varchar(10) DEFAULT NULL,
  `head_logo_path` varchar(100) DEFAULT NULL,
  `head_back_img_path` varchar(100) DEFAULT NULL,
  `main_back_colour` varchar(10) DEFAULT NULL,
  `main_fore_colour` varchar(10) DEFAULT NULL,
  `main_back_img_path` varchar(100) DEFAULT NULL,
  `share_logo_path` varchar(100) DEFAULT NULL,
  `user_id` int(11) DEFAULT NULL,
  `title` varchar(200) DEFAULT NULL,
  `slogan` varchar(200) DEFAULT NULL,
  PRIMARY KEY (`id`),
  KEY `fk_brand_user_idx` (`user_id`),
  CONSTRAINT `fk_brand_user` FOREIGN KEY (`user_id`) REFERENCES `user` (`id`) ON DELETE NO ACTION ON UPDATE NO ACTION
) ENGINE=InnoDB AUTO_INCREMENT=3 DEFAULT CHARSET=latin1;
/*!40101 SET character_set_client = @saved_cs_client */;

--
-- Dumping data for table `brand`
--

LOCK TABLES `brand` WRITE;
/*!40000 ALTER TABLE `brand` DISABLE KEYS */;
INSERT INTO `brand` VALUES (1,'black','white',NULL,NULL,'blue','white',NULL,NULL,4,'Felders\' Page','Lovely Stuff'),(2,'#00ff00','#ff0000','/images/brand/head_logo_path_2.jpg','/images/brand/head_back_2.jpg','#00ff00','#3c78d8',NULL,NULL,7,'My best brand','Yo wassup');
/*!40000 ALTER TABLE `brand` ENABLE KEYS */;
UNLOCK TABLES;

--
-- Table structure for table `choice`
--

DROP TABLE IF EXISTS `choice`;
/*!40101 SET @saved_cs_client     = @@character_set_client */;
/*!40101 SET character_set_client = utf8 */;
CREATE TABLE `choice` (
  `id` int(11) NOT NULL AUTO_INCREMENT,
  `line_id` int(11) DEFAULT NULL,
  `chosen_number` int(11) DEFAULT NULL,
  `position` int(11) DEFAULT NULL,
  `ball_hierarchy` int(11) DEFAULT NULL,
  PRIMARY KEY (`id`),
  KEY `fk_choice_line_idx` (`line_id`),
  CONSTRAINT `fk_choice_line` FOREIGN KEY (`line_id`) REFERENCES `line` (`id`) ON DELETE NO ACTION ON UPDATE NO ACTION
) ENGINE=InnoDB AUTO_INCREMENT=4982 DEFAULT CHARSET=latin1;
/*!40101 SET character_set_client = @saved_cs_client */;

--
-- Dumping data for table `choice`
--

LOCK TABLES `choice` WRITE;
/*!40000 ALTER TABLE `choice` DISABLE KEYS */;
INSERT INTO `choice` VALUES (4040,3019,28,1,1),(4041,3019,38,2,1),(4042,3019,67,3,1),(4043,3019,68,4,1),(4044,3019,75,5,1),(4045,3019,10,6,2),(4046,3020,5,1,1),(4047,3020,9,2,1),(4048,3020,16,3,1),(4049,3020,53,4,1),(4050,3020,54,5,1),(4051,3020,14,6,2),(4052,3021,8,1,1),(4053,3021,21,2,1),(4054,3021,43,3,1),(4055,3021,56,4,1),(4056,3021,75,5,1),(4057,3021,13,6,2),(4058,3022,10,1,1),(4059,3022,14,2,1),(4060,3022,36,3,1),(4061,3022,47,4,1),(4062,3022,67,5,1),(4063,3022,3,6,2),(4064,3023,28,1,1),(4065,3023,55,2,1),(4066,3023,56,3,1),(4067,3023,59,4,1),(4068,3023,64,5,1),(4069,3023,11,6,2),(4070,3024,1,1,1),(4071,3024,29,2,1),(4072,3024,35,3,1),(4073,3024,37,4,1),(4074,3024,45,5,1),(4075,3024,11,6,2),(4076,3025,4,1,1),(4077,3025,44,2,1),(4078,3025,64,3,1),(4079,3025,65,4,1),(4080,3025,70,5,1),(4081,3025,3,6,2),(4082,3032,11,1,1),(4083,3032,20,2,1),(4084,3032,37,3,1),(4085,3032,43,4,1),(4086,3032,64,5,1),(4087,3032,13,6,2),(4088,3033,8,1,1),(4089,3033,17,2,1),(4090,3033,24,3,1),(4091,3033,27,4,1),(4092,3033,72,5,1),(4093,3033,1,6,2),(4094,3032,1,1,1),(4095,3032,3,2,1),(4096,3032,18,3,1),(4097,3032,45,4,1),(4098,3032,65,5,1),(4099,3032,4,6,2),(4100,3033,10,1,1),(4101,3033,14,2,1),(4102,3033,16,3,1),(4103,3033,49,4,1),(4104,3033,75,5,1),(4105,3033,9,6,2),(4106,3037,5,1,1),(4107,3037,41,2,1),(4108,3037,42,3,1),(4109,3037,59,4,1),(4110,3037,64,5,1),(4111,3037,4,6,2),(4112,3038,22,1,1),(4113,3038,30,2,1),(4114,3038,52,3,1),(4115,3038,53,4,1),(4116,3038,69,5,1),(4117,3038,12,6,2),(4118,3039,6,1,1),(4119,3039,8,2,1),(4120,3039,24,3,1),(4121,3039,33,4,1),(4122,3039,73,5,1),(4123,3039,10,6,2),(4124,3040,11,1,1),(4125,3040,48,2,1),(4126,3040,49,3,1),(4127,3040,60,4,1),(4128,3040,67,5,1),(4129,3040,4,6,2),(4130,3041,4,1,1),(4131,3041,6,2,1),(4132,3041,10,3,1),(4133,3041,25,4,1),(4134,3041,47,5,1),(4135,3041,13,6,2),(4136,3042,10,1,1),(4137,3042,15,2,1),(4138,3042,32,3,1),(4139,3042,35,4,1),(4140,3042,59,5,1),(4141,3042,12,6,2),(4142,3043,5,1,1),(4143,3043,14,2,1),(4144,3043,34,3,1),(4145,3043,52,4,1),(4146,3043,60,5,1),(4147,3043,11,6,2),(4148,3044,1,1,1),(4149,3044,8,2,1),(4150,3044,36,3,1),(4151,3044,44,4,1),(4152,3044,57,5,1),(4153,3044,8,6,2),(4154,3045,8,1,1),(4155,3045,49,2,1),(4156,3045,55,3,1),(4157,3045,72,4,1),(4158,3045,75,5,1),(4159,3045,3,6,2),(4160,3046,8,1,1),(4161,3046,49,2,1),(4162,3046,52,3,1),(4163,3046,58,4,1),(4164,3046,74,5,1),(4165,3046,1,6,2),(4166,3047,18,1,1),(4167,3047,26,2,1),(4168,3047,31,3,1),(4169,3047,39,4,1),(4170,3047,51,5,1),(4171,3047,14,6,2),(4172,3048,19,1,1),(4173,3048,50,2,1),(4174,3048,54,3,1),(4175,3048,63,4,1),(4176,3048,72,5,1),(4177,3048,7,6,2),(4178,3049,14,1,1),(4179,3049,34,2,1),(4180,3049,41,3,1),(4181,3049,56,4,1),(4182,3049,58,5,1),(4183,3049,3,6,2),(4184,3050,18,1,1),(4185,3050,42,2,1),(4186,3050,49,3,1),(4187,3050,61,4,1),(4188,3050,74,5,1),(4189,3050,6,6,2),(4190,3051,3,1,1),(4191,3051,20,2,1),(4192,3051,23,3,1),(4193,3051,61,4,1),(4194,3051,72,5,1),(4195,3051,5,6,2),(4196,3050,25,1,1),(4197,3050,38,2,1),(4198,3050,59,3,1),(4199,3050,63,4,1),(4200,3050,64,5,1),(4201,3050,12,6,2),(4202,3051,11,1,1),(4203,3051,39,2,1),(4204,3051,52,3,1),(4205,3051,57,4,1),(4206,3051,69,5,1),(4207,3051,12,6,2),(4208,3050,9,1,1),(4209,3050,25,2,1),(4210,3050,29,3,1),(4211,3050,47,4,1),(4212,3050,60,5,1),(4213,3050,6,6,2),(4214,3051,18,1,1),(4215,3051,24,2,1),(4216,3051,36,3,1),(4217,3051,50,4,1),(4218,3051,62,5,1),(4219,3051,9,6,2),(4220,3062,26,1,1),(4221,3062,40,2,1),(4222,3062,45,3,1),(4223,3062,65,4,1),(4224,3062,75,5,1),(4225,3062,2,6,2),(4226,3063,16,1,1),(4227,3063,33,2,1),(4228,3063,41,3,1),(4229,3063,64,4,1),(4230,3063,68,5,1),(4231,3063,15,6,2),(4232,3064,36,1,1),(4233,3064,39,2,1),(4234,3064,51,3,1),(4235,3064,57,4,1),(4236,3064,70,5,1),(4237,3064,11,6,2),(4238,3065,13,1,1),(4239,3065,29,2,1),(4240,3065,37,3,1),(4241,3065,38,4,1),(4242,3065,72,5,1),(4243,3065,9,6,2),(4244,3066,14,1,1),(4245,3066,30,2,1),(4246,3066,46,3,1),(4247,3066,69,4,1),(4248,3066,74,5,1),(4249,3066,11,6,2),(4250,3064,13,1,1),(4251,3064,14,2,1),(4252,3064,31,3,1),(4253,3064,57,4,1),(4254,3064,74,5,1),(4255,3064,5,6,2),(4256,3065,5,1,1),(4257,3065,31,2,1),(4258,3065,34,3,1),(4259,3065,70,4,1),(4260,3065,72,5,1),(4261,3065,14,6,2),(4262,3066,7,1,1),(4263,3066,27,2,1),(4264,3066,63,3,1),(4265,3066,66,4,1),(4266,3066,67,5,1),(4267,3066,2,6,2),(4268,3067,7,1,1),(4269,3067,12,2,1),(4270,3067,15,3,1),(4271,3067,39,4,1),(4272,3067,57,5,1),(4273,3067,9,6,2),(4274,3068,18,1,1),(4275,3068,20,2,1),(4276,3068,25,3,1),(4277,3068,42,4,1),(4278,3068,44,5,1),(4279,3068,15,6,2),(4280,3069,3,1,1),(4281,3069,41,2,1),(4282,3069,42,3,1),(4283,3069,66,4,1),(4284,3069,68,5,1),(4285,3069,12,6,2),(4286,3070,26,1,1),(4287,3070,28,2,1),(4288,3070,29,3,1),(4289,3070,55,4,1),(4290,3070,70,5,1),(4291,3070,4,6,2),(4292,3071,10,1,1),(4293,3071,38,2,1),(4294,3071,41,3,1),(4295,3071,45,4,1),(4296,3071,74,5,1),(4297,3071,13,6,2),(4298,3072,16,1,1),(4299,3072,31,2,1),(4300,3072,39,3,1),(4301,3072,53,4,1),(4302,3072,59,5,1),(4303,3072,5,6,2),(4304,3073,36,1,1),(4305,3073,52,2,1),(4306,3073,57,3,1),(4307,3073,58,4,1),(4308,3073,75,5,1),(4309,3073,12,6,2),(4310,3074,19,1,1),(4311,3074,32,2,1),(4312,3074,56,3,1),(4313,3074,65,4,1),(4314,3074,71,5,1),(4315,3074,10,6,2),(4316,3075,16,1,1),(4317,3075,19,2,1),(4318,3075,23,3,1),(4319,3075,37,4,1),(4320,3075,62,5,1),(4321,3075,4,6,2),(4322,3076,3,1,1),(4323,3076,5,2,1),(4324,3076,6,3,1),(4325,3076,35,4,1),(4326,3076,62,5,1),(4327,3076,11,6,2),(4328,3077,18,1,1),(4329,3077,32,2,1),(4330,3077,50,3,1),(4331,3077,56,4,1),(4332,3077,63,5,1),(4333,3077,11,6,2),(4334,3099,15,1,1),(4335,3099,19,2,1),(4336,3099,38,3,1),(4337,3099,39,4,1),(4338,3099,57,5,1),(4339,3099,9,6,2),(4340,3100,3,1,1),(4341,3100,46,2,1),(4342,3100,56,3,1),(4343,3100,57,4,1),(4344,3100,71,5,1),(4345,3100,1,6,2),(4346,3101,40,1,1),(4347,3101,51,2,1),(4348,3101,52,3,1),(4349,3101,58,4,1),(4350,3101,61,5,1),(4351,3101,12,6,2),(4352,3102,4,1,1),(4353,3102,24,2,1),(4354,3102,29,3,1),(4355,3102,68,4,1),(4356,3102,72,5,1),(4357,3102,5,6,2),(4358,3103,20,1,1),(4359,3103,39,2,1),(4360,3103,43,3,1),(4361,3103,45,4,1),(4362,3103,58,5,1),(4363,3103,5,6,2),(4364,3104,35,1,1),(4365,3104,38,2,1),(4366,3104,45,3,1),(4367,3104,58,4,1),(4368,3104,71,5,1),(4369,3104,1,6,2),(4370,3099,12,1,1),(4371,3099,15,2,1),(4372,3099,33,3,1),(4373,3099,50,4,1),(4374,3099,68,5,1),(4375,3099,15,6,2),(4376,3100,18,1,1),(4377,3100,20,2,1),(4378,3100,42,3,1),(4379,3100,45,4,1),(4380,3100,57,5,1),(4381,3100,11,6,2),(4382,3101,1,1,1),(4383,3101,17,2,1),(4384,3101,34,3,1),(4385,3101,61,4,1),(4386,3101,71,5,1),(4387,3101,1,6,2),(4388,3102,22,1,1),(4389,3102,34,2,1),(4390,3102,37,3,1),(4391,3102,64,4,1),(4392,3102,67,5,1),(4393,3102,10,6,2),(4394,3103,4,1,1),(4395,3103,22,2,1),(4396,3103,41,3,1),(4397,3103,53,4,1),(4398,3103,69,5,1),(4399,3103,3,6,2),(4400,3104,6,1,1),(4401,3104,22,2,1),(4402,3104,34,3,1),(4403,3104,38,4,1),(4404,3104,42,5,1),(4405,3104,9,6,2),(4406,3099,6,1,1),(4407,3099,7,2,1),(4408,3099,16,3,1),(4409,3099,22,4,1),(4410,3099,25,5,1),(4411,3099,10,6,2),(4412,3100,17,1,1),(4413,3100,23,2,1),(4414,3100,53,3,1),(4415,3100,68,4,1),(4416,3100,73,5,1),(4417,3100,4,6,2),(4418,3101,6,1,1),(4419,3101,36,2,1),(4420,3101,59,3,1),(4421,3101,67,4,1),(4422,3101,75,5,1),(4423,3101,2,6,2),(4424,3102,11,1,1),(4425,3102,39,2,1),(4426,3102,51,3,1),(4427,3102,56,4,1),(4428,3102,71,5,1),(4429,3102,4,6,2),(4430,3103,13,1,1),(4431,3103,32,2,1),(4432,3103,43,3,1),(4433,3103,57,4,1),(4434,3103,62,5,1),(4435,3103,5,6,2),(4436,3104,8,1,1),(4437,3104,41,2,1),(4438,3104,42,3,1),(4439,3104,63,4,1),(4440,3104,70,5,1),(4441,3104,3,6,2),(4454,3107,19,1,3),(4455,3107,32,2,3),(4456,3107,38,3,3),(4457,3107,54,4,3),(4458,3107,64,5,3),(4459,3107,23,6,4),(4460,3108,19,1,3),(4461,3108,37,2,3),(4462,3108,45,3,3),(4463,3108,51,4,3),(4464,3108,56,5,3),(4465,3108,16,6,4),(4466,3109,6,1,3),(4467,3109,23,2,3),(4468,3109,30,3,3),(4469,3109,54,4,3),(4470,3109,63,5,3),(4471,3109,5,6,4),(4472,3110,5,1,3),(4473,3110,18,2,3),(4474,3110,20,3,3),(4475,3110,60,4,3),(4476,3110,62,5,3),(4477,3110,6,6,4),(4478,3111,2,1,1),(4479,3111,35,2,1),(4480,3111,36,3,1),(4481,3111,51,4,1),(4482,3111,53,5,1),(4483,3111,11,6,2),(4484,3111,2,1,1),(4485,3111,35,2,1),(4486,3111,36,3,1),(4487,3111,51,4,1),(4488,3111,53,5,1),(4489,3111,11,6,2),(4490,3111,43,1,1),(4491,3111,51,2,1),(4492,3111,65,3,1),(4493,3111,72,4,1),(4494,3111,75,5,1),(4495,3111,2,6,2),(4496,3092,8,1,3),(4497,3092,12,2,3),(4498,3092,13,3,3),(4499,3092,58,4,3),(4500,3092,62,5,3),(4501,3092,14,6,4),(4502,3093,11,1,3),(4503,3093,12,2,3),(4504,3093,33,3,3),(4505,3093,52,4,3),(4506,3093,59,5,3),(4507,3093,13,6,4),(4508,3094,1,1,3),(4509,3094,31,2,3),(4510,3094,39,3,3),(4511,3094,44,4,3),(4512,3094,57,5,3),(4513,3094,17,6,4),(4514,3112,2,1,3),(4515,3112,6,2,3),(4516,3112,36,3,3),(4517,3112,49,4,3),(4518,3112,62,5,3),(4519,3112,21,6,4),(4520,3113,7,1,3),(4521,3113,12,2,3),(4522,3113,33,3,3),(4523,3113,35,4,3),(4524,3113,41,5,3),(4525,3113,18,6,4),(4526,3114,4,1,3),(4527,3114,20,2,3),(4528,3114,27,3,3),(4529,3114,49,4,3),(4530,3114,55,5,3),(4531,3114,5,6,4),(4532,3115,7,1,3),(4533,3115,35,2,3),(4534,3115,38,3,3),(4535,3115,47,4,3),(4536,3115,64,5,3),(4537,3115,22,6,4),(4538,3116,30,1,1),(4539,3116,37,2,1),(4540,3116,58,3,1),(4541,3116,59,4,1),(4542,3116,62,5,1),(4543,3116,11,6,2),(4544,3117,4,1,1),(4545,3117,15,2,1),(4546,3117,28,3,1),(4547,3117,47,4,1),(4548,3117,53,5,1),(4549,3117,10,6,2),(4550,3118,17,1,1),(4551,3118,41,2,1),(4552,3118,68,3,1),(4553,3118,71,4,1),(4554,3118,75,5,1),(4555,3118,3,6,2),(4556,3119,3,1,1),(4557,3119,16,2,1),(4558,3119,19,3,1),(4559,3119,56,4,1),(4560,3119,68,5,1),(4561,3119,8,6,2),(4562,3120,22,1,1),(4563,3120,34,2,1),(4564,3120,37,3,1),(4565,3120,69,4,1),(4566,3120,75,5,1),(4567,3120,14,6,2),(4568,3121,9,1,1),(4569,3121,14,2,1),(4570,3121,32,3,1),(4571,3121,37,4,1),(4572,3121,46,5,1),(4573,3121,4,6,2),(4574,3124,52,1,1),(4575,3124,53,2,1),(4576,3124,60,3,1),(4577,3124,62,4,1),(4578,3124,67,5,1),(4579,3124,10,6,2),(4580,3125,13,1,1),(4581,3125,39,2,1),(4582,3125,58,3,1),(4583,3125,69,4,1),(4584,3125,73,5,1),(4585,3125,13,6,2),(4586,3126,6,1,1),(4587,3126,52,2,1),(4588,3126,58,3,1),(4589,3126,60,4,1),(4590,3126,69,5,1),(4591,3126,9,6,2),(4592,3127,22,1,1),(4593,3127,29,2,1),(4594,3127,58,3,1),(4595,3127,62,4,1),(4596,3127,74,5,1),(4597,3127,12,6,2),(4598,3128,20,1,1),(4599,3128,29,2,1),(4600,3128,40,3,1),(4601,3128,64,4,1),(4602,3128,75,5,1),(4603,3128,11,6,2),(4604,3129,30,1,1),(4605,3129,41,2,1),(4606,3129,42,3,1),(4607,3129,52,4,1),(4608,3129,74,5,1),(4609,3129,7,6,2),(4610,3130,1,1,1),(4611,3130,14,2,1),(4612,3130,19,3,1),(4613,3130,53,4,1),(4614,3130,58,5,1),(4615,3130,12,6,2),(4664,3133,24,1,1),(4665,3133,43,2,1),(4666,3133,66,3,1),(4667,3133,69,4,1),(4668,3133,71,5,1),(4669,3133,4,6,2),(4670,3134,9,1,1),(4671,3134,43,2,1),(4672,3134,47,3,1),(4673,3134,64,4,1),(4674,3134,69,5,1),(4675,3134,11,6,2),(4676,3135,19,1,1),(4677,3135,44,2,1),(4678,3135,53,3,1),(4679,3135,54,4,1),(4680,3135,68,5,1),(4681,3135,1,6,2),(4682,3136,19,1,3),(4683,3136,34,2,3),(4684,3136,40,3,3),(4685,3136,46,4,3),(4686,3136,60,5,3),(4687,3136,20,6,4),(4688,3137,5,1,3),(4689,3137,32,2,3),(4690,3137,33,3,3),(4691,3137,35,4,3),(4692,3137,43,5,3),(4693,3137,5,6,4),(4694,3138,1,1,1),(4695,3138,27,2,1),(4696,3138,34,3,1),(4697,3138,62,4,1),(4698,3138,67,5,1),(4699,3138,7,6,2),(4700,3139,4,1,1),(4701,3139,12,2,1),(4702,3139,26,3,1),(4703,3139,50,4,1),(4704,3139,74,5,1),(4705,3139,14,6,2),(4706,3140,8,1,1),(4707,3140,15,2,1),(4708,3140,26,3,1),(4709,3140,35,4,1),(4710,3140,36,5,1),(4711,3140,3,6,2),(4712,3141,22,1,1),(4713,3141,27,2,1),(4714,3141,41,3,1),(4715,3141,49,4,1),(4716,3141,62,5,1),(4717,3141,8,6,2),(4718,3142,8,1,1),(4719,3142,18,2,1),(4720,3142,48,3,1),(4721,3142,52,4,1),(4722,3142,57,5,1),(4723,3142,12,6,2),(4724,3143,15,1,1),(4725,3143,24,2,1),(4726,3143,25,3,1),(4727,3143,38,4,1),(4728,3143,52,5,1),(4729,3143,3,6,2),(4730,3144,8,1,3),(4731,3144,9,2,3),(4732,3144,35,3,3),(4733,3144,45,4,3),(4734,3144,46,5,3),(4735,3144,6,6,4),(4736,3145,4,1,1),(4737,3145,13,2,1),(4738,3145,19,3,1),(4739,3145,64,4,1),(4740,3145,66,5,1),(4741,3145,10,6,2),(4742,3146,8,1,1),(4743,3146,30,2,1),(4744,3146,31,3,1),(4745,3146,51,4,1),(4746,3146,68,5,1),(4747,3146,4,6,2),(4748,3147,9,1,1),(4749,3147,18,2,1),(4750,3147,27,3,1),(4751,3147,31,4,1),(4752,3147,41,5,1),(4753,3147,4,6,2),(4754,3148,3,1,1),(4755,3148,14,2,1),(4756,3148,43,3,1),(4757,3148,45,4,1),(4758,3148,63,5,1),(4759,3148,15,6,2),(4760,3149,27,1,3),(4761,3149,35,2,3),(4762,3149,43,3,3),(4763,3149,49,4,3),(4764,3149,64,5,3),(4765,3149,12,6,4),(4766,3150,27,1,3),(4767,3150,35,2,3),(4768,3150,43,3,3),(4769,3150,49,4,3),(4770,3150,64,5,3),(4771,3150,12,6,4),(4772,3151,27,1,3),(4773,3151,35,2,3),(4774,3151,43,3,3),(4775,3151,49,4,3),(4776,3151,64,5,3),(4777,3151,12,6,4),(4778,3152,27,1,3),(4779,3152,35,2,3),(4780,3152,43,3,3),(4781,3152,49,4,3),(4782,3152,64,5,3),(4783,3152,12,6,4),(4784,3153,3,1,3),(4785,3153,14,2,3),(4786,3153,18,3,3),(4787,3153,41,4,3),(4788,3153,54,5,3),(4789,3153,6,6,4),(4790,3154,27,1,3),(4791,3154,35,2,3),(4792,3154,43,3,3),(4793,3154,49,4,3),(4794,3154,64,5,3),(4795,3154,12,6,4),(4796,3155,27,1,3),(4797,3155,35,2,3),(4798,3155,43,3,3),(4799,3155,49,4,3),(4800,3155,64,5,3),(4801,3155,12,6,4),(4802,3156,27,1,3),(4803,3156,35,2,3),(4804,3156,43,3,3),(4805,3156,49,4,3),(4806,3156,64,5,3),(4807,3156,12,6,4),(4808,3157,27,1,3),(4809,3157,35,2,3),(4810,3157,43,3,3),(4811,3157,49,4,3),(4812,3157,64,5,3),(4813,3157,12,6,4),(4814,3158,27,1,3),(4815,3158,35,2,3),(4816,3158,43,3,3),(4817,3158,49,4,3),(4818,3158,64,5,3),(4819,3158,12,6,4),(4820,3159,11,1,1),(4821,3159,24,2,1),(4822,3159,36,3,1),(4823,3159,53,4,1),(4824,3159,54,5,1),(4825,3159,13,6,2),(4826,3160,12,1,1),(4827,3160,21,2,1),(4828,3160,30,3,1),(4829,3160,36,4,1),(4830,3160,73,5,1),(4831,3160,9,6,2),(4832,3161,2,1,1),(4833,3161,9,2,1),(4834,3161,18,3,1),(4835,3161,53,4,1),(4836,3161,70,5,1),(4837,3161,10,6,2),(4838,3162,11,1,1),(4839,3162,22,2,1),(4840,3162,46,3,1),(4841,3162,56,4,1),(4842,3162,64,5,1),(4843,3162,6,6,2),(4844,3163,9,1,1),(4845,3163,27,2,1),(4846,3163,39,3,1),(4847,3163,59,4,1),(4848,3163,66,5,1),(4849,3163,11,6,2),(4850,3164,13,1,1),(4851,3164,17,2,1),(4852,3164,22,3,1),(4853,3164,26,4,1),(4854,3164,55,5,1),(4855,3164,6,6,2),(4856,3165,2,1,1),(4857,3165,31,2,1),(4858,3165,40,3,1),(4859,3165,48,4,1),(4860,3165,65,5,1),(4861,3165,8,6,2),(4862,3166,21,1,1),(4863,3166,25,2,1),(4864,3166,30,3,1),(4865,3166,55,4,1),(4866,3166,57,5,1),(4867,3166,11,6,2),(4868,3167,8,1,1),(4869,3167,9,2,1),(4870,3167,16,3,1),(4871,3167,41,4,1),(4872,3167,44,5,1),(4873,3167,3,6,2),(4874,3168,25,1,1),(4875,3168,41,2,1),(4876,3168,45,3,1),(4877,3168,54,4,1),(4878,3168,75,5,1),(4879,3168,5,6,2),(4880,3209,10,1,1),(4881,3209,18,2,1),(4882,3209,31,3,1),(4883,3209,32,4,1),(4884,3209,41,5,1),(4885,3209,9,6,2),(4886,3210,22,1,1),(4887,3210,27,2,1),(4888,3210,42,3,1),(4889,3210,46,4,1),(4890,3210,62,5,1),(4891,3210,4,6,2),(4892,3211,12,1,1),(4893,3211,20,2,1),(4894,3211,58,3,1),(4895,3211,68,4,1),(4896,3211,75,5,1),(4897,3211,5,6,2),(4898,3212,25,1,1),(4899,3212,28,2,1),(4900,3212,41,3,1),(4901,3212,52,4,1),(4902,3212,56,5,1),(4903,3212,5,6,2),(4904,3213,8,1,1),(4905,3213,10,2,1),(4906,3213,59,3,1),(4907,3213,61,4,1),(4908,3213,68,5,1),(4909,3213,6,6,2),(4910,3214,1,1,3),(4911,3214,2,2,3),(4912,3214,10,3,3),(4913,3214,17,4,3),(4914,3214,66,5,3),(4915,3214,12,6,4),(4916,3215,10,1,1),(4917,3215,12,2,1),(4918,3215,46,3,1),(4919,3215,68,4,1),(4920,3215,71,5,1),(4921,3215,1,6,2),(4922,3216,2,1,1),(4923,3216,20,2,1),(4924,3216,27,3,1),(4925,3216,52,4,1),(4926,3216,63,5,1),(4927,3216,7,6,2),(4928,3217,18,1,3),(4929,3217,28,2,3),(4930,3217,33,3,3),(4931,3217,35,4,3),(4932,3217,41,5,3),(4933,3217,9,6,4),(4934,3218,6,1,1),(4935,3218,21,2,1),(4936,3218,32,3,1),(4937,3218,64,4,1),(4938,3218,68,5,1),(4939,3218,9,6,2),(4940,3219,15,1,1),(4941,3219,30,2,1),(4942,3219,40,3,1),(4943,3219,48,4,1),(4944,3219,50,5,1),(4945,3219,12,6,2),(4946,3220,1,1,1),(4947,3220,24,2,1),(4948,3220,31,3,1),(4949,3220,40,4,1),(4950,3220,68,5,1),(4951,3220,1,6,2),(4952,3221,8,1,1),(4953,3221,20,2,1),(4954,3221,21,3,1),(4955,3221,47,4,1),(4956,3221,60,5,1),(4957,3221,4,6,2),(4958,3222,14,1,1),(4959,3222,25,2,1),(4960,3222,29,3,1),(4961,3222,48,4,1),(4962,3222,72,5,1),(4963,3222,10,6,2),(4964,3228,4,1,1),(4965,3228,12,2,1),(4966,3228,46,3,1),(4967,3228,48,4,1),(4968,3228,67,5,1),(4969,3228,7,6,2),(4970,3229,6,1,1),(4971,3229,33,2,1),(4972,3229,50,3,1),(4973,3229,60,4,1),(4974,3229,67,5,1),(4975,3229,10,6,2),(4976,3230,13,1,1),(4977,3230,16,2,1),(4978,3230,29,3,1),(4979,3230,39,4,1),(4980,3230,42,5,1),(4981,3230,8,6,2);
/*!40000 ALTER TABLE `choice` ENABLE KEYS */;
UNLOCK TABLES;

--
-- Table structure for table `country`
--

DROP TABLE IF EXISTS `country`;
/*!40101 SET @saved_cs_client     = @@character_set_client */;
/*!40101 SET character_set_client = utf8 */;
CREATE TABLE `country` (
  `id` int(11) NOT NULL AUTO_INCREMENT,
  `name` varchar(150) DEFAULT NULL,
  PRIMARY KEY (`id`)
) ENGINE=InnoDB AUTO_INCREMENT=2 DEFAULT CHARSET=latin1;
/*!40101 SET character_set_client = @saved_cs_client */;

--
-- Dumping data for table `country`
--

LOCK TABLES `country` WRITE;
/*!40000 ALTER TABLE `country` DISABLE KEYS */;
INSERT INTO `country` VALUES (1,'USA');
/*!40000 ALTER TABLE `country` ENABLE KEYS */;
UNLOCK TABLES;

--
-- Table structure for table `draw`
--

DROP TABLE IF EXISTS `draw`;
/*!40101 SET @saved_cs_client     = @@character_set_client */;
/*!40101 SET character_set_client = utf8 */;
CREATE TABLE `draw` (
  `id` int(11) NOT NULL AUTO_INCREMENT,
  `game_id` int(11) DEFAULT NULL,
  `est_jackpot` decimal(20,2) DEFAULT NULL,
  `cutoff_date` datetime DEFAULT NULL,
  `draw_status_id` int(11) DEFAULT NULL,
  `prize_date` varchar(255) DEFAULT NULL,
  `draw_date` datetime DEFAULT NULL,
  `rollover` int(11) DEFAULT NULL,
  PRIMARY KEY (`id`),
  KEY `fk_draw_game_idx` (`game_id`),
  KEY `fk_draw_status_idx` (`draw_status_id`),
  CONSTRAINT `fk_draw_game` FOREIGN KEY (`game_id`) REFERENCES `game` (`id`) ON DELETE NO ACTION ON UPDATE NO ACTION,
  CONSTRAINT `fk_draw_status` FOREIGN KEY (`draw_status_id`) REFERENCES `draw` (`id`) ON DELETE NO ACTION ON UPDATE NO ACTION
) ENGINE=InnoDB AUTO_INCREMENT=146 DEFAULT CHARSET=latin1;
/*!40101 SET character_set_client = @saved_cs_client */;

--
-- Dumping data for table `draw`
--

LOCK TABLES `draw` WRITE;
/*!40000 ALTER TABLE `draw` DISABLE KEYS */;
INSERT INTO `draw` VALUES (1,1,150000000.00,NULL,1,NULL,NULL,NULL),(2,2,90000000.00,NULL,1,NULL,NULL,NULL),(3,1,97000000.00,NULL,NULL,'2017-05-16 23:00:00','2017-05-16 21:00:00',9),(4,1,NULL,NULL,NULL,'2017-05-19 23:00:00','2017-05-19 21:00:00',NULL),(5,1,NULL,NULL,NULL,'2017-05-23 23:00:00','2017-05-23 21:00:00',NULL),(6,1,NULL,NULL,NULL,'2017-05-26 23:00:00','2017-05-26 21:00:00',NULL),(7,1,NULL,NULL,NULL,'2017-05-30 23:00:00','2017-05-30 21:00:00',NULL),(8,1,NULL,NULL,NULL,'2017-06-02 23:00:00','2017-06-02 21:00:00',NULL),(9,1,NULL,NULL,NULL,'2017-06-06 23:00:00','2017-06-06 21:00:00',NULL),(10,1,NULL,NULL,NULL,'2017-06-09 23:00:00','2017-06-09 21:00:00',NULL),(11,1,NULL,NULL,NULL,'2017-06-13 23:00:00','2017-06-13 21:00:00',NULL),(12,1,NULL,NULL,NULL,'2017-06-16 23:00:00','2017-06-16 21:00:00',NULL),(13,1,NULL,NULL,NULL,'2017-06-20 23:00:00','2017-06-20 21:00:00',NULL),(14,1,NULL,NULL,NULL,'2017-06-23 23:00:00','2017-06-23 21:00:00',NULL),(15,3,97000000.00,NULL,NULL,'2017-05-16 23:00:00','2017-05-16 21:00:00',9),(16,3,NULL,NULL,NULL,'2017-05-19 23:00:00','2017-05-19 21:00:00',NULL),(17,3,116000000.00,NULL,NULL,'2017-05-23 23:00:00','2017-05-23 21:00:00',11),(18,3,129000000.00,NULL,NULL,'2017-05-26 23:00:00','2017-05-26 21:00:00',12),(19,3,NULL,NULL,NULL,'2017-05-30 23:00:00','2017-05-30 21:00:00',NULL),(20,3,152000000.00,NULL,NULL,'2017-06-02 23:00:00','2017-06-02 21:00:00',14),(21,3,NULL,NULL,NULL,'2017-06-06 23:00:00','2017-06-06 21:00:00',NULL),(22,3,NULL,NULL,NULL,'2017-06-09 23:00:00','2017-06-09 21:00:00',NULL),(23,3,NULL,NULL,NULL,'2017-06-13 23:00:00','2017-06-13 21:00:00',NULL),(24,3,NULL,NULL,NULL,'2017-06-16 23:00:00','2017-06-16 21:00:00',NULL),(25,3,NULL,NULL,NULL,'2017-06-20 23:00:00','2017-06-20 21:00:00',NULL),(26,3,NULL,NULL,NULL,'2017-06-23 23:00:00','2017-06-23 21:00:00',NULL),(27,3,NULL,NULL,NULL,'2017-06-27 23:00:00','2017-06-27 21:00:00',NULL),(28,3,NULL,NULL,NULL,'2017-06-30 23:00:00','2017-06-30 21:00:00',NULL),(29,3,NULL,NULL,NULL,'2017-07-04 23:00:00','2017-07-04 21:00:00',NULL),(30,3,NULL,NULL,NULL,'2017-07-11 23:00:00','2017-07-11 21:00:00',NULL),(31,3,NULL,NULL,NULL,'2017-07-07 23:00:00','2017-07-07 21:00:00',NULL),(32,2,10000000.00,NULL,NULL,'2017-06-03 23:58:00','2017-06-02 23:00:00',0),(33,2,NULL,NULL,NULL,'2017-06-10 23:58:00','2017-06-09 23:00:00',NULL),(34,2,NULL,NULL,NULL,'2017-06-17 23:58:00','2017-06-16 23:00:00',NULL),(35,2,NULL,NULL,NULL,'2017-06-24 23:58:00','2017-06-23 23:00:00',NULL),(36,2,NULL,NULL,NULL,'2017-07-01 23:58:00','2017-06-30 23:00:00',NULL),(37,2,NULL,NULL,NULL,'2017-07-08 23:58:00','2017-07-07 23:00:00',NULL),(50,1,NULL,NULL,NULL,'2017-06-06 23:58:00','2017-06-06 23:00:00',NULL),(51,1,74000000.00,NULL,NULL,'2017-06-02 23:57:00','2017-06-02 23:00:00',9),(52,1,NULL,NULL,NULL,'2017-06-13 23:58:00','2017-06-13 23:00:00',NULL),(53,1,NULL,NULL,NULL,'2017-06-09 23:57:00','2017-06-09 23:00:00',NULL),(54,1,NULL,NULL,NULL,'2017-06-20 23:58:00','2017-06-20 23:00:00',NULL),(55,1,NULL,NULL,NULL,'2017-06-16 23:57:00','2017-06-16 23:00:00',NULL),(56,1,NULL,NULL,NULL,'2017-06-27 23:58:00','2017-06-27 23:00:00',NULL),(57,1,NULL,NULL,NULL,'2017-06-23 23:57:00','2017-06-23 23:00:00',NULL),(58,1,NULL,NULL,NULL,'2017-07-04 23:58:00','2017-07-04 23:00:00',NULL),(59,1,NULL,NULL,NULL,'2017-06-30 23:57:00','2017-06-30 23:00:00',NULL),(60,1,NULL,NULL,NULL,'2017-07-11 23:58:00','2017-07-11 23:00:00',NULL),(61,1,NULL,NULL,NULL,'2017-07-07 23:57:00','2017-07-07 23:00:00',NULL),(62,NULL,10000000.00,NULL,NULL,'2017-06-03 23:58:00','2017-06-02 23:00:00',0),(63,NULL,NULL,NULL,NULL,'2017-06-10 23:58:00','2017-06-09 23:00:00',NULL),(64,NULL,NULL,NULL,NULL,'2017-06-17 23:58:00','2017-06-16 23:00:00',NULL),(65,NULL,NULL,NULL,NULL,'2017-06-24 23:58:00','2017-06-23 23:00:00',NULL),(66,NULL,NULL,NULL,NULL,'2017-07-01 23:58:00','2017-06-30 23:00:00',NULL),(67,NULL,NULL,NULL,NULL,'2017-07-08 23:58:00','2017-07-07 23:00:00',NULL),(68,NULL,NULL,NULL,NULL,'2017-06-07 23:30:00','2017-06-07 22:59:00',NULL),(69,NULL,NULL,NULL,NULL,'2017-06-03 23:30:00','2017-06-03 22:59:00',NULL),(70,NULL,NULL,NULL,NULL,'2017-06-14 23:30:00','2017-06-14 22:59:00',NULL),(71,NULL,NULL,NULL,NULL,'2017-06-10 23:30:00','2017-06-10 22:59:00',NULL),(72,NULL,NULL,NULL,NULL,'2017-06-21 23:30:00','2017-06-21 22:59:00',NULL),(73,NULL,NULL,NULL,NULL,'2017-06-17 23:30:00','2017-06-17 22:59:00',NULL),(74,NULL,NULL,NULL,NULL,'2017-06-28 23:30:00','2017-06-28 22:59:00',NULL),(75,NULL,NULL,NULL,NULL,'2017-06-24 23:30:00','2017-06-24 22:59:00',NULL),(76,NULL,NULL,NULL,NULL,'2017-07-05 23:30:00','2017-07-05 22:59:00',NULL),(77,NULL,NULL,NULL,NULL,'2017-07-01 23:30:00','2017-07-01 22:59:00',NULL),(78,NULL,NULL,NULL,NULL,'2017-07-12 23:30:00','2017-07-12 22:59:00',NULL),(79,NULL,NULL,NULL,NULL,'2017-07-08 23:30:00','2017-07-08 22:59:00',NULL),(80,NULL,NULL,NULL,NULL,'2017-06-06 23:58:00','2017-06-06 23:00:00',NULL),(81,NULL,74000000.00,NULL,NULL,'2017-06-02 23:57:00','2017-06-02 23:00:00',9),(82,NULL,NULL,NULL,NULL,'2017-06-13 23:58:00','2017-06-13 23:00:00',NULL),(83,NULL,NULL,NULL,NULL,'2017-06-09 23:57:00','2017-06-09 23:00:00',NULL),(84,NULL,NULL,NULL,NULL,'2017-06-20 23:58:00','2017-06-20 23:00:00',NULL),(85,NULL,NULL,NULL,NULL,'2017-06-16 23:57:00','2017-06-16 23:00:00',NULL),(86,NULL,NULL,NULL,NULL,'2017-06-27 23:58:00','2017-06-27 23:00:00',NULL),(87,NULL,NULL,NULL,NULL,'2017-06-23 23:57:00','2017-06-23 23:00:00',NULL),(88,NULL,NULL,NULL,NULL,'2017-07-04 23:58:00','2017-07-04 23:00:00',NULL),(89,NULL,NULL,NULL,NULL,'2017-06-30 23:57:00','2017-06-30 23:00:00',NULL),(90,NULL,NULL,NULL,NULL,'2017-07-11 23:58:00','2017-07-11 23:00:00',NULL),(91,NULL,NULL,NULL,NULL,'2017-07-07 23:57:00','2017-07-07 23:00:00',NULL),(92,5,10000000.00,NULL,NULL,'2017-06-03 23:58:00','2017-06-02 23:00:00',0),(93,5,NULL,NULL,NULL,'2017-06-10 23:58:00','2017-06-09 23:00:00',NULL),(94,5,NULL,NULL,NULL,'2017-06-17 23:58:00','2017-06-16 23:00:00',NULL),(95,5,NULL,NULL,NULL,'2017-06-24 23:58:00','2017-06-23 23:00:00',NULL),(96,5,NULL,NULL,NULL,'2017-07-01 23:58:00','2017-06-30 23:00:00',NULL),(97,5,NULL,NULL,NULL,'2017-07-08 23:58:00','2017-07-07 23:00:00',NULL),(134,2,NULL,NULL,NULL,'2017-06-07 23:30:00','2017-06-07 22:59:00',NULL),(135,2,NULL,NULL,NULL,'2017-06-03 23:30:00','2017-06-03 22:59:00',NULL),(136,2,NULL,NULL,NULL,'2017-06-14 23:30:00','2017-06-14 22:59:00',NULL),(137,2,NULL,NULL,NULL,'2017-06-10 23:30:00','2017-06-10 22:59:00',NULL),(138,2,NULL,NULL,NULL,'2017-06-21 23:30:00','2017-06-21 22:59:00',NULL),(139,2,NULL,NULL,NULL,'2017-06-17 23:30:00','2017-06-17 22:59:00',NULL),(140,2,NULL,NULL,NULL,'2017-06-28 23:30:00','2017-06-28 22:59:00',NULL),(141,2,NULL,NULL,NULL,'2017-06-24 23:30:00','2017-06-24 22:59:00',NULL),(142,2,NULL,NULL,NULL,'2017-07-05 23:30:00','2017-07-05 22:59:00',NULL),(143,2,NULL,NULL,NULL,'2017-07-01 23:30:00','2017-07-01 22:59:00',NULL),(144,2,NULL,NULL,NULL,'2017-07-12 23:30:00','2017-07-12 22:59:00',NULL),(145,2,NULL,NULL,NULL,'2017-07-08 23:30:00','2017-07-08 22:59:00',NULL);
/*!40000 ALTER TABLE `draw` ENABLE KEYS */;
UNLOCK TABLES;

--
-- Table structure for table `draw_status`
--

DROP TABLE IF EXISTS `draw_status`;
/*!40101 SET @saved_cs_client     = @@character_set_client */;
/*!40101 SET character_set_client = utf8 */;
CREATE TABLE `draw_status` (
  `id` int(11) NOT NULL AUTO_INCREMENT,
  `name` varchar(50) DEFAULT NULL,
  PRIMARY KEY (`id`)
) ENGINE=InnoDB AUTO_INCREMENT=4 DEFAULT CHARSET=latin1;
/*!40101 SET character_set_client = @saved_cs_client */;

--
-- Dumping data for table `draw_status`
--

LOCK TABLES `draw_status` WRITE;
/*!40000 ALTER TABLE `draw_status` DISABLE KEYS */;
INSERT INTO `draw_status` VALUES (1,'Future'),(2,'In Play'),(3,'Resolved');
/*!40000 ALTER TABLE `draw_status` ENABLE KEYS */;
UNLOCK TABLES;

--
-- Table structure for table `game`
--

DROP TABLE IF EXISTS `game`;
/*!40101 SET @saved_cs_client     = @@character_set_client */;
/*!40101 SET character_set_client = utf8 */;
CREATE TABLE `game` (
  `id` int(11) NOT NULL AUTO_INCREMENT,
  `name` varchar(50) DEFAULT NULL,
  `country_id` int(11) DEFAULT NULL,
  `price_per_line` decimal(10,2) DEFAULT NULL,
  `logo_path` varchar(150) DEFAULT NULL,
  `next_draw_id` int(11) DEFAULT NULL,
  `active` tinyint(4) DEFAULT NULL,
  `draw_frequency` varchar(20) DEFAULT NULL,
  `lottery_id` varchar(255) DEFAULT NULL,
  PRIMARY KEY (`id`),
  KEY `fk_game_country_idx` (`country_id`),
  KEY `fk_game_draw_idx` (`next_draw_id`),
  CONSTRAINT `fk_game_country` FOREIGN KEY (`country_id`) REFERENCES `country` (`id`) ON DELETE NO ACTION ON UPDATE NO ACTION,
  CONSTRAINT `fk_game_draw` FOREIGN KEY (`next_draw_id`) REFERENCES `draw` (`id`) ON DELETE NO ACTION ON UPDATE NO ACTION
) ENGINE=InnoDB AUTO_INCREMENT=6 DEFAULT CHARSET=latin1;
/*!40101 SET character_set_client = @saved_cs_client */;

--
-- Dumping data for table `game`
--

LOCK TABLES `game` WRITE;
/*!40000 ALTER TABLE `game` DISABLE KEYS */;
INSERT INTO `game` VALUES (1,'MegaMillions',1,2.50,'/images/game_1.png',1,1,'Weekly','ea0a85a0-702c-11e6-8e7c-7f45a8a997a1'),(2,'Powerball',1,3.50,'/images/game_2.png',2,1,NULL,'e9efc390-702c-11e6-b42c-7df84fff0e59'),(3,'EuroMillions',NULL,NULL,'/images/game_3.png',NULL,NULL,NULL,'a3328bb0-8c76-11e6-80be-1556b3f40088'),(5,'Eurojackpot',NULL,NULL,'/images/game_5.png',NULL,NULL,NULL,'e9ddebf0-702c-11e6-b596-4d222b7790f7');
/*!40000 ALTER TABLE `game` ENABLE KEYS */;
UNLOCK TABLES;

--
-- Table structure for table `line`
--

DROP TABLE IF EXISTS `line`;
/*!40101 SET @saved_cs_client     = @@character_set_client */;
/*!40101 SET character_set_client = utf8 */;
CREATE TABLE `line` (
  `id` int(11) NOT NULL AUTO_INCREMENT,
  `game_id` int(11) DEFAULT NULL,
  `draw_id` int(11) DEFAULT NULL,
  `ticket_id` int(11) DEFAULT NULL,
  `line_status_id` int(11) DEFAULT '1',
  `syndicate_id` int(11) DEFAULT NULL,
  PRIMARY KEY (`id`),
  KEY `fk_line_game_idx` (`game_id`),
  KEY `fk_line_ti_idx` (`ticket_id`),
  KEY `fk_line_ls_idx` (`line_status_id`),
  KEY `fk_line_syndi_idx` (`syndicate_id`),
  CONSTRAINT `fk_line_game` FOREIGN KEY (`game_id`) REFERENCES `game` (`id`) ON DELETE NO ACTION ON UPDATE NO ACTION,
  CONSTRAINT `fk_line_ls` FOREIGN KEY (`line_status_id`) REFERENCES `line_status` (`id`) ON DELETE NO ACTION ON UPDATE NO ACTION,
  CONSTRAINT `fk_line_syndi` FOREIGN KEY (`syndicate_id`) REFERENCES `syndicate` (`id`) ON DELETE NO ACTION ON UPDATE NO ACTION,
  CONSTRAINT `fk_line_ti` FOREIGN KEY (`ticket_id`) REFERENCES `ticket` (`id`) ON DELETE NO ACTION ON UPDATE NO ACTION
) ENGINE=InnoDB AUTO_INCREMENT=3231 DEFAULT CHARSET=latin1;
/*!40101 SET character_set_client = @saved_cs_client */;

--
-- Dumping data for table `line`
--

LOCK TABLES `line` WRITE;
/*!40000 ALTER TABLE `line` DISABLE KEYS */;
INSERT INTO `line` VALUES (3019,1,8,290,5,278),(3020,1,8,290,5,278),(3021,1,7,291,5,279),(3022,1,7,291,5,279),(3023,1,7,291,5,279),(3024,1,7,292,5,280),(3025,1,7,292,5,280),(3026,1,7,293,5,280),(3027,1,7,293,5,280),(3028,1,8,294,5,278),(3029,1,8,294,5,278),(3030,1,7,295,5,280),(3031,1,7,295,5,280),(3032,1,7,296,5,280),(3033,1,7,296,5,280),(3034,1,7,297,5,279),(3035,1,7,297,5,279),(3036,1,7,297,5,279),(3037,1,7,298,5,281),(3038,1,7,298,5,281),(3039,1,7,298,5,281),(3040,1,7,298,5,281),(3041,1,7,298,5,281),(3042,1,7,298,5,281),(3043,1,7,298,5,281),(3044,1,7,298,5,281),(3045,1,7,298,5,281),(3046,1,7,298,5,281),(3047,1,7,299,5,279),(3048,1,7,299,5,279),(3049,1,7,299,5,279),(3050,1,7,300,5,280),(3051,1,7,300,5,280),(3052,2,NULL,301,5,282),(3053,2,NULL,301,5,282),(3054,2,NULL,301,5,282),(3055,2,NULL,301,5,282),(3056,2,NULL,301,5,282),(3057,2,NULL,301,5,282),(3058,2,NULL,301,5,282),(3059,2,NULL,301,5,282),(3060,2,NULL,301,5,282),(3061,2,NULL,301,5,282),(3062,1,8,302,5,278),(3063,1,8,302,5,278),(3064,1,7,303,5,279),(3065,1,7,303,5,279),(3066,1,7,303,5,279),(3067,1,8,304,5,283),(3068,1,8,304,5,283),(3069,1,8,304,5,283),(3070,1,8,304,5,283),(3071,1,7,305,5,280),(3072,1,7,305,5,280),(3073,1,7,306,5,279),(3074,1,7,306,5,279),(3075,1,7,306,5,279),(3076,1,7,307,5,280),(3077,1,7,307,5,280),(3078,2,NULL,308,5,284),(3079,2,NULL,308,5,284),(3080,2,NULL,308,5,284),(3081,2,NULL,308,5,284),(3082,2,NULL,309,5,282),(3083,2,NULL,309,5,282),(3084,2,NULL,309,5,282),(3085,2,NULL,309,5,282),(3086,2,NULL,309,5,282),(3087,2,NULL,309,5,282),(3088,2,NULL,309,5,282),(3089,2,NULL,309,5,282),(3090,2,NULL,309,5,282),(3091,2,NULL,309,5,282),(3092,2,NULL,310,5,285),(3093,2,NULL,310,5,285),(3094,2,NULL,310,5,285),(3095,2,NULL,311,5,286),(3096,2,NULL,311,5,286),(3097,2,NULL,311,5,286),(3098,2,NULL,311,5,286),(3099,1,8,312,5,287),(3100,1,8,312,5,287),(3101,1,8,312,5,287),(3102,1,8,312,5,287),(3103,1,8,312,5,287),(3104,1,8,312,5,287),(3107,2,33,314,5,289),(3108,2,33,314,5,289),(3109,2,33,314,5,289),(3110,2,33,314,5,289),(3111,1,9,315,5,290),(3112,2,NULL,316,5,285),(3113,2,NULL,316,5,285),(3114,2,NULL,316,5,285),(3115,2,33,317,5,291),(3116,1,8,318,5,287),(3117,1,8,318,5,287),(3118,1,8,318,5,287),(3119,1,8,318,5,287),(3120,1,8,318,5,287),(3121,1,8,318,5,287),(3124,1,8,321,5,283),(3125,1,8,321,5,283),(3126,1,8,321,5,283),(3127,1,8,321,5,283),(3128,1,10,322,5,293),(3129,1,8,323,5,278),(3130,1,8,323,5,278),(3133,1,11,325,5,294),(3134,1,11,325,5,294),(3135,1,11,325,5,294),(3136,2,34,326,5,295),(3137,2,34,326,5,295),(3138,1,11,327,5,296),(3139,1,11,327,5,296),(3140,1,11,328,5,297),(3141,1,11,329,5,298),(3142,1,11,329,5,298),(3143,1,11,329,5,298),(3144,2,34,330,5,299),(3145,1,11,331,5,300),(3146,1,11,331,5,300),(3147,1,11,331,5,300),(3148,1,11,331,5,300),(3149,2,34,332,5,301),(3150,2,34,332,5,301),(3151,2,34,332,5,301),(3152,2,34,332,5,301),(3153,2,34,332,5,301),(3154,2,34,332,5,301),(3155,2,34,332,5,301),(3156,2,34,332,5,301),(3157,2,34,332,5,301),(3158,2,34,332,5,301),(3159,1,13,333,5,302),(3160,1,13,333,5,302),(3161,1,13,333,5,302),(3162,1,13,333,5,302),(3163,1,13,333,5,302),(3164,1,13,333,5,302),(3165,1,13,333,5,302),(3166,1,13,333,5,302),(3167,1,13,333,5,302),(3168,1,13,333,5,302),(3169,1,13,333,5,302),(3170,1,13,333,5,302),(3171,1,13,333,5,302),(3172,1,13,333,5,302),(3173,1,13,333,5,302),(3174,1,13,333,5,302),(3175,1,13,333,5,302),(3176,1,13,333,5,302),(3177,1,13,333,5,302),(3178,1,13,333,5,302),(3179,1,13,333,5,302),(3180,1,13,333,5,302),(3181,1,13,333,5,302),(3182,1,13,333,5,302),(3183,1,13,333,5,302),(3184,1,13,333,5,302),(3185,1,13,333,5,302),(3186,1,13,333,5,302),(3187,1,13,333,5,302),(3188,1,13,333,5,302),(3189,1,13,333,5,302),(3190,1,13,333,5,302),(3191,1,13,333,5,302),(3192,1,13,333,5,302),(3193,1,13,333,5,302),(3194,1,13,333,5,302),(3195,1,13,333,5,302),(3196,1,13,333,5,302),(3197,1,13,333,5,302),(3198,1,13,333,5,302),(3199,1,13,333,5,302),(3200,1,13,333,5,302),(3201,1,13,333,5,302),(3202,1,13,333,5,302),(3203,1,13,333,5,302),(3204,1,13,333,5,302),(3205,1,13,333,5,302),(3206,1,13,333,5,302),(3207,1,13,333,5,302),(3208,1,13,333,5,302),(3209,1,11,334,5,303),(3210,1,11,334,5,303),(3211,1,12,335,5,304),(3212,1,12,335,5,304),(3213,1,12,335,5,304),(3214,2,139,338,5,307),(3215,1,12,339,5,308),(3216,1,13,340,5,309),(3217,2,139,341,5,307),(3218,1,7,342,5,279),(3219,1,7,342,5,279),(3220,1,7,342,5,279),(3221,1,14,343,5,310),(3222,1,14,343,5,310),(3223,1,7,344,5,279),(3224,1,7,344,5,279),(3225,1,7,344,5,279),(3228,1,14,346,5,311),(3229,1,14,346,5,311),(3230,1,14,346,5,311);
/*!40000 ALTER TABLE `line` ENABLE KEYS */;
UNLOCK TABLES;

--
-- Table structure for table `line_status`
--

DROP TABLE IF EXISTS `line_status`;
/*!40101 SET @saved_cs_client     = @@character_set_client */;
/*!40101 SET character_set_client = utf8 */;
CREATE TABLE `line_status` (
  `id` int(11) NOT NULL AUTO_INCREMENT,
  `name` varchar(50) DEFAULT NULL,
  PRIMARY KEY (`id`)
) ENGINE=InnoDB AUTO_INCREMENT=6 DEFAULT CHARSET=latin1;
/*!40101 SET character_set_client = @saved_cs_client */;

--
-- Dumping data for table `line_status`
--

LOCK TABLES `line_status` WRITE;
/*!40000 ALTER TABLE `line_status` DISABLE KEYS */;
INSERT INTO `line_status` VALUES (1,'Reserved'),(2,'Active'),(3,'Winner'),(4,'Loser'),(5,'Not Yet Paid');
/*!40000 ALTER TABLE `line_status` ENABLE KEYS */;
UNLOCK TABLES;

--
-- Table structure for table `migration`
--

DROP TABLE IF EXISTS `migration`;
/*!40101 SET @saved_cs_client     = @@character_set_client */;
/*!40101 SET character_set_client = utf8 */;
CREATE TABLE `migration` (
  `version` varchar(180) NOT NULL,
  `apply_time` int(11) DEFAULT NULL,
  PRIMARY KEY (`version`)
) ENGINE=InnoDB DEFAULT CHARSET=latin1;
/*!40101 SET character_set_client = @saved_cs_client */;

--
-- Dumping data for table `migration`
--

LOCK TABLES `migration` WRITE;
/*!40000 ALTER TABLE `migration` DISABLE KEYS */;
INSERT INTO `migration` VALUES ('m000000_000000_base',1490362374),('m140209_132017_init',1490362378),('m140403_174025_create_account_table',1490362378),('m140504_113157_update_tables',1490362378),('m140504_130429_create_token_table',1490362378),('m140830_171933_fix_ip_field',1490362378),('m140830_172703_change_account_table_name',1490362378),('m141222_110026_update_ip_field',1490362378),('m141222_135246_alter_username_length',1490362379),('m150614_103145_update_social_account_table',1490362379),('m150623_212711_fix_username_notnull',1490362379),('m151218_234654_add_timezone_to_profile',1490362379),('m160929_103127_add_last_login_at_to_user_table',1490362379),('m170511_125809_skeleton',1494507545),('m170511_125927_user_ids',1494509021),('m170511_134913_exaloc_token',1494703396),('m170511_145729_draw',1494861274),('m170513_192123_user',1494703698),('m170515_134454_draw2',1494861274),('m170516_185031_ticket_brombat_id',1494960719),('m170517_125213_ticket_exaloc_id',1495030911),('m170518_125059_brand',1495119353),('m170518_145229_syndicate',1495119354),('m170520_150311_syndicate_created_at',1495292618),('m170521_152041_syndicate_players',1495380344),('m170521_155635_user_tac',1495382227);
/*!40000 ALTER TABLE `migration` ENABLE KEYS */;
UNLOCK TABLES;

--
-- Table structure for table `privacy_level`
--

DROP TABLE IF EXISTS `privacy_level`;
/*!40101 SET @saved_cs_client     = @@character_set_client */;
/*!40101 SET character_set_client = utf8 */;
CREATE TABLE `privacy_level` (
  `id` int(11) NOT NULL AUTO_INCREMENT,
  `name` varchar(50) DEFAULT NULL,
  PRIMARY KEY (`id`)
) ENGINE=InnoDB AUTO_INCREMENT=4 DEFAULT CHARSET=latin1;
/*!40101 SET character_set_client = @saved_cs_client */;

--
-- Dumping data for table `privacy_level`
--

LOCK TABLES `privacy_level` WRITE;
/*!40000 ALTER TABLE `privacy_level` DISABLE KEYS */;
INSERT INTO `privacy_level` VALUES (1,'Private'),(2,'Public'),(3,'Friends');
/*!40000 ALTER TABLE `privacy_level` ENABLE KEYS */;
UNLOCK TABLES;

--
-- Table structure for table `prize`
--

DROP TABLE IF EXISTS `prize`;
/*!40101 SET @saved_cs_client     = @@character_set_client */;
/*!40101 SET character_set_client = utf8 */;
CREATE TABLE `prize` (
  `id` int(11) NOT NULL AUTO_INCREMENT,
  `game_id` int(11) DEFAULT NULL,
  PRIMARY KEY (`id`),
  KEY `fk_prize_game` (`game_id`),
  CONSTRAINT `fk_prize_game` FOREIGN KEY (`game_id`) REFERENCES `game` (`id`)
) ENGINE=InnoDB DEFAULT CHARSET=latin1;
/*!40101 SET character_set_client = @saved_cs_client */;

--
-- Dumping data for table `prize`
--

LOCK TABLES `prize` WRITE;
/*!40000 ALTER TABLE `prize` DISABLE KEYS */;
/*!40000 ALTER TABLE `prize` ENABLE KEYS */;
UNLOCK TABLES;

--
-- Table structure for table `profile`
--

DROP TABLE IF EXISTS `profile`;
/*!40101 SET @saved_cs_client     = @@character_set_client */;
/*!40101 SET character_set_client = utf8 */;
CREATE TABLE `profile` (
  `user_id` int(11) NOT NULL,
  `name` varchar(255) COLLATE utf8_unicode_ci DEFAULT NULL,
  `public_email` varchar(255) COLLATE utf8_unicode_ci DEFAULT NULL,
  `gravatar_email` varchar(255) COLLATE utf8_unicode_ci DEFAULT NULL,
  `gravatar_id` varchar(32) COLLATE utf8_unicode_ci DEFAULT NULL,
  `location` varchar(255) COLLATE utf8_unicode_ci DEFAULT NULL,
  `website` varchar(255) COLLATE utf8_unicode_ci DEFAULT NULL,
  `bio` text COLLATE utf8_unicode_ci,
  `timezone` varchar(40) COLLATE utf8_unicode_ci DEFAULT NULL,
  PRIMARY KEY (`user_id`),
  CONSTRAINT `fk_user_profile` FOREIGN KEY (`user_id`) REFERENCES `user` (`id`) ON DELETE CASCADE
) ENGINE=InnoDB DEFAULT CHARSET=utf8 COLLATE=utf8_unicode_ci;
/*!40101 SET character_set_client = @saved_cs_client */;

--
-- Dumping data for table `profile`
--

LOCK TABLES `profile` WRITE;
/*!40000 ALTER TABLE `profile` DISABLE KEYS */;
INSERT INTO `profile` VALUES (4,'Gary Fox','facebook@felders.co.uk',NULL,NULL,NULL,NULL,NULL,NULL),(5,'Rachel Montague','montaguerachel@hotmail.com',NULL,NULL,NULL,NULL,NULL,NULL),(6,'Laura Casement','laura.casement@yahoo.com',NULL,NULL,NULL,NULL,NULL,NULL),(7,'John Alafihjdhghag Wisemanstein','nljtuhyyjm_1494249752@tfbnw.net',NULL,NULL,NULL,NULL,NULL,NULL),(8,'Benas Paulikas','benaspggj@gmail.com',NULL,NULL,NULL,NULL,NULL,NULL),(11,'Gary Fox Test','gary_dhbpxnv_test@tfbnw.net',NULL,NULL,NULL,NULL,NULL,NULL),(12,'Sharon Alagjaahighic Carrierowitz','bnpcmpzjqg_1494369363@tfbnw.net',NULL,NULL,NULL,NULL,NULL,NULL),(13,'Benas Test','benas_mqzdegm_test@tfbnw.net',NULL,NULL,NULL,NULL,NULL,NULL),(14,'Andrew Montague Test','andrew_mioouem_test@tfbnw.net',NULL,NULL,NULL,NULL,NULL,NULL),(15,'Mark Alagjgeebeigb Narayanansky','nrvtkdgwlh_1494595843@tfbnw.net',NULL,NULL,NULL,NULL,NULL,NULL),(16,'Helen Alagjbdejhadi Lauson','vleeltblso_1494595927@tfbnw.net',NULL,NULL,NULL,NULL,NULL,NULL),(19,'John Barrowman','john_wlbetvb_barrowman@tfbnw.net',NULL,NULL,NULL,NULL,NULL,NULL),(20,'Russell Grant','russell_lbutyrl_grant@tfbnw.net',NULL,NULL,NULL,NULL,NULL,NULL),(21,'Arsenal Test Account','arsenal_wlvxbue_account@tfbnw.net',NULL,NULL,NULL,NULL,NULL,NULL),(22,'Chris Foden','chris_nfawjlh_foden@tfbnw.net',NULL,NULL,NULL,NULL,NULL,NULL);
/*!40000 ALTER TABLE `profile` ENABLE KEYS */;
UNLOCK TABLES;

--
-- Table structure for table `result`
--

DROP TABLE IF EXISTS `result`;
/*!40101 SET @saved_cs_client     = @@character_set_client */;
/*!40101 SET character_set_client = utf8 */;
CREATE TABLE `result` (
  `id` int(11) NOT NULL AUTO_INCREMENT,
  `draw_id` int(11) DEFAULT NULL,
  `drawn_number` int(11) DEFAULT NULL,
  `position` int(11) DEFAULT NULL,
  `ball_category_id` int(11) DEFAULT NULL,
  `ball_hierarchy` int(11) DEFAULT NULL,
  PRIMARY KEY (`id`),
  KEY `fk_results_draw_idx` (`draw_id`),
  KEY `fk_results_bc_idx` (`ball_category_id`),
  CONSTRAINT `fk_results_draw` FOREIGN KEY (`draw_id`) REFERENCES `draw` (`id`) ON DELETE NO ACTION ON UPDATE NO ACTION
) ENGINE=InnoDB DEFAULT CHARSET=latin1;
/*!40101 SET character_set_client = @saved_cs_client */;

--
-- Dumping data for table `result`
--

LOCK TABLES `result` WRITE;
/*!40000 ALTER TABLE `result` DISABLE KEYS */;
/*!40000 ALTER TABLE `result` ENABLE KEYS */;
UNLOCK TABLES;

--
-- Table structure for table `session`
--

DROP TABLE IF EXISTS `session`;
/*!40101 SET @saved_cs_client     = @@character_set_client */;
/*!40101 SET character_set_client = utf8 */;
CREATE TABLE `session` (
  `id` char(40) NOT NULL,
  `expire` int(11) DEFAULT NULL,
  `data` blob,
  PRIMARY KEY (`id`)
) ENGINE=InnoDB DEFAULT CHARSET=latin1;
/*!40101 SET character_set_client = @saved_cs_client */;

--
-- Dumping data for table `session`
--

LOCK TABLES `session` WRITE;
/*!40000 ALTER TABLE `session` DISABLE KEYS */;
INSERT INTO `session` VALUES ('00gath5dmommm02shj7o0hdke7',1499469332,'__flash|a:0:{}'),('01ftn1670kjepb0vvdbm299li2',1496146439,'__flash|a:0:{}'),('01hqv7m1elhn2hen6mcp6p4e50',1497286868,'__flash|a:0:{}'),('02idr8jjqcbgl8el8ueo45icn0',1497614543,'__flash|a:0:{}yii\\authclient\\clients\\Facebook_facebook_token|O:25:\"yii\\authclient\\OAuthToken\":5:{s:13:\"tokenParamKey\";s:12:\"access_token\";s:19:\"tokenSecretParamKey\";s:18:\"oauth_token_secret\";s:15:\"createTimestamp\";i:1496318339;s:50:\"\0yii\\authclient\\OAuthToken\0_expireDurationParamKey\";s:10:\"expires_in\";s:34:\"\0yii\\authclient\\OAuthToken\0_params\";a:3:{s:12:\"access_token\";s:180:\"EAAbWKU9nx1ABAJNULP8TfTWVrt82QzywR91oLqvgoy8v8ZAfEmPOj7yJM2DPglawU8ZBkTp8oXdlByKa7E3S6UvCaAG0scyk0sZAHWnS8uDDuBcXPXAZB8iioh6fFbZBgj8DltOH4vZC2VfDWjusljZAjZC9s6odniOZAYgzJOP7fdgZDZD\";s:10:\"token_type\";s:6:\"bearer\";s:10:\"expires_in\";i:5107449;}}__id|i:14;'),('02pbph0aropmb2vuva0rdv36q7',1499369487,'__flash|a:0:{}'),('05rlju0ttspl8q6mvpe83dn235',1498862792,'__flash|a:0:{}'),('072ug8kg3al7pnbqqrma9hkfe2',1498643752,'__flash|a:0:{}'),('082r04mcf1pojlf0r88d2aloh1',1496588684,'__flash|a:0:{}'),('0cfn0pl4lagp3a7hv253d90n57',1498014807,'__flash|a:0:{}'),('0dtcvo8qd6n1p0vmfr9jhb5d74',1496146435,'__flash|a:0:{}'),('0k2q09paojhga947r7da3gohs0',1499469334,'__flash|a:0:{}'),('0l2atihmbbs7h348igib49a3e2',1496595889,'__flash|a:0:{}'),('0l5ekng1ig51f65ucmc63nn362',1496227031,'__flash|a:0:{}'),('0m1rjfqjhtueghnso0ea997jc7',1496146433,'__flash|a:0:{}'),('0miomnte86l71vd8brefkabrp3',1496089933,'__flash|a:0:{}'),('0o6trurjrcej9tqgj8eqn05qi6',1496166047,'__flash|a:0:{}'),('0ocii775h1j9shk3hne952dal2',1495998924,'__flash|a:0:{}'),('0omcjg4map38l6i2h7nd32gab7',1497522398,'__flash|a:0:{}'),('0p9nifsl9qfrvidq2utq8d72c0',1498807248,'__flash|a:0:{}'),('0r0g8vokm279lbb32ebpbmfkf5',1499469332,'__flash|a:0:{}'),('0v5i9q7b58m3645768bhbmbef0',1499469324,'__flash|a:0:{}'),('117427qgbbomlmgtr322gddjt3',1496146441,'__flash|a:0:{}'),('11nbbr82c340p67drmme5qcm24',1496233073,'__flash|a:0:{}'),('12a02rfkknmvtvq8rncm717ad3',1498306098,'__flash|a:0:{}'),('13bkiejd06qdp3cb5e8mhinrq3',1499191259,'__flash|a:0:{}'),('13m83ts4rugvaaqprltpi318m4',1496310821,'__flash|a:0:{}'),('14vam0g4g8j3a9juai3n128u04',1499054267,'__flash|a:0:{}'),('19c1k7536lctcde7r33bqvp1d5',1499233666,'__flash|a:0:{}'),('1auuurvm169c2nktgovf0p5i04',1499461760,'__flash|a:0:{}'),('1bf9ern43f9ckrt8l8lh3e5o57',1498394878,'__flash|a:0:{}'),('1dtc59d1oe7i3k53rdbnnl3k55',1497348713,'__flash|a:0:{}'),('1fmrq563k22coeu3g0go6qlk66',1497521541,'__flash|a:0:{}'),('1fvoppbd75m4134o9vfqu0q750',1498643758,'__flash|a:0:{}'),('1gmoghpfmmnjllq28q17f4ruf0',1499099010,'__flash|a:0:{}'),('1gp3dqkauo8enba7v7feqentb6',1499356346,'__flash|a:0:{}'),('1longhsg0s8vff2rhr69af0ag3',1498469709,'__flash|a:0:{}'),('1m7qlbtp3vqpf47ojktvu4rgu1',1496146437,'__flash|a:0:{}'),('1oo3t9tcupklcp0f2i98e50k95',1498193463,'__flash|a:0:{}'),('1pf9s132ro1kolci8oihm9oi22',1499013128,'__flash|a:0:{}'),('1qi9bmqqdocgmfqfcl52705mp4',1498755110,'__flash|a:0:{}'),('1rla084v3qncpa8862m1afj832',1498169708,'__flash|a:0:{}'),('1t5d2ebqacnda310g3q7drdrl4',1498639155,'__flash|a:0:{}__returnUrl|s:22:\"/syndicate/choose-game\";'),('1tkec8mdc7jt8n60a41m7g84p2',1496001677,'__flash|a:0:{}'),('219sa914nj99sukskro52rfug1',1498394878,'__flash|a:0:{}'),('22h5gskt2ko4sfj1qblt1n7676',1498867223,'__flash|a:0:{}'),('232kqvo1bn15b6il4adhrp33n3',1499469327,'__flash|a:0:{}'),('234l9k5kgejei4t2sd2iri3hu5',1497763504,'__flash|a:0:{}'),('24mb6p7eurkof1vaq2ttjke9u1',1498095366,'__flash|a:0:{}'),('26ac031muhkqpeb85iauig53f2',1499186346,'__flash|a:0:{}'),('26peg7nir0jd2mso4um4p7p5p0',1497443167,'__flash|a:0:{}'),('28e9ketbfh7m6ru14jpppaads3',1497952295,'__flash|a:0:{}'),('28jdci8i7cb8kra6uf025g79c0',1497348746,'__flash|a:0:{}'),('299klvi5ne4dpf68uubck9dov1',1496146435,'__flash|a:0:{}'),('2c90krhpvmibnt5odpbsiii6r7',1498893989,'__flash|a:0:{}'),('2d2bl9246gp4ik9qb5s6msu153',1496935685,'__flash|a:0:{}yii\\authclient\\clients\\Facebook_facebook_token|O:25:\"yii\\authclient\\OAuthToken\":5:{s:13:\"tokenParamKey\";s:12:\"access_token\";s:19:\"tokenSecretParamKey\";s:18:\"oauth_token_secret\";s:15:\"createTimestamp\";i:1495639148;s:50:\"\0yii\\authclient\\OAuthToken\0_expireDurationParamKey\";s:10:\"expires_in\";s:34:\"\0yii\\authclient\\OAuthToken\0_params\";a:3:{s:12:\"access_token\";s:181:\"EAAbWKU9nx1ABAFUsrymai8kN7WZAnuYq8ZCSF2zbFZBSdjmADocezaQG4kqRuZCqEYQzygqUaZC7wdfPqRpoJRxWC1uHb4tu3dqU5C3pVKHZAMSVkeqDnPFUsQ1cvmRK9P1b1ZBfcQEZBr7IJHSZC67H63yyeZCg7It6SkrLXc63xy7QZDZD\";s:10:\"token_type\";s:6:\"bearer\";s:10:\"expires_in\";i:5183446;}}__id|i:19;'),('2e6l2bc5cgdgbvsc45g9s1fqt7',1499012440,'__flash|a:0:{}'),('2fq5ou7r6odmleepdpecdlbqg7',1497529874,'__flash|a:0:{}'),('2fui5i648d83vd1gtlqj8mgh07',1496146433,'__flash|a:0:{}'),('2gt8ma9qncag6grj4gtb2uj1s3',1497441147,'__flash|a:0:{}'),('2hcmtv4pkg6h97nt8jq4ppg0o0',1496959494,'__flash|a:0:{}__returnUrl|s:22:\"/syndicate/join?id=262\";'),('2iokv7orj6mht5bcg4h4767va4',1498276302,'__flash|a:0:{}'),('2la95gv6sopuclkqdj94826qg4',1496146439,'__flash|a:0:{}'),('2lhher7j4bi3l9jr5pkb949n20',1496146436,'__flash|a:0:{}'),('2lplb5vbackvur2d4uq0ihvaa1',1499102505,'__flash|a:0:{}'),('2m057pa9enkatk4gqeie1gffu7',1499469332,'__flash|a:0:{}'),('2mnjg2vvj7plsskj5k2bd48uf4',1498157145,'__flash|a:0:{}'),('2nsbogipcckce3m0k5kvp4tlp3',1496631846,'__flash|a:0:{}'),('2ohkupcq9eu3fd32fmencsnep1',1498276302,'__flash|a:0:{}'),('2ootdd0st2fg5cec6ds3p19gh2',1498276302,'__flash|a:0:{}'),('2pg5u2i48kun4htn7lrvftrtm2',1498161297,'__flash|a:0:{}'),('2pis0k7plqhnvpj5hcmksslan2',1497909335,'__flash|a:0:{}'),('2ppu2lau5hmj4h5duim8356ll1',1498041463,'__flash|a:0:{}'),('2q195i36p0mv2o23uh5ek3s873',1497476156,'__flash|a:0:{}'),('2qf4mjipb2m5m7nseassoi3r34',1497034408,'__flash|a:0:{}'),('2r3g51v2pafuv583b6qraa7ac0',1499323521,'__flash|a:0:{}'),('2rn6hiomloo1b5ckenoe6pnnn2',1497522721,'__flash|a:0:{}'),('2rsg26dtspjetjae4gk3kmecj0',1497298450,'__flash|a:0:{}'),('2sbftskmnk1trd7isgh1qffm13',1498569884,'__flash|a:0:{}__returnUrl|s:22:\"/syndicate/choose-game\";yii\\authclient\\clients\\Facebook_facebook_token|O:25:\"yii\\authclient\\OAuthToken\":5:{s:13:\"tokenParamKey\";s:12:\"access_token\";s:19:\"tokenSecretParamKey\";s:18:\"oauth_token_secret\";s:15:\"createTimestamp\";i:1497273673;s:50:\"\0yii\\authclient\\OAuthToken\0_expireDurationParamKey\";s:10:\"expires_in\";s:34:\"\0yii\\authclient\\OAuthToken\0_params\";a:3:{s:12:\"access_token\";s:168:\"EAAbWKU9nx1ABADIdZANZCf8pRfxn7azf5pRzfyFc9wxBthMZA0P9kxwn2uXOh7VlOfk944i6kEVbuncZCZA2s0uA0g6KPZCZBGGSZAGDwW059KM4URMOFFV70gLnfHTct4Wzpj8cVl76gZBr46hB7nO3MHqPB8oTkXZBIZD\";s:10:\"token_type\";s:6:\"bearer\";s:10:\"expires_in\";i:5184000;}}__id|i:14;'),('2us0uu9tgehic3907u3c4qlm82',1496209257,'__flash|a:0:{}'),('2v3qchf77evlmm7c680094voj5',1499469333,'__flash|a:0:{}'),('31fhoqmrpm5nmfib1usr7lmfb5',1499469324,'__flash|a:0:{}'),('33af8mja2h9s6q4vcrjak6u8i6',1498161297,'__flash|a:0:{}'),('33seq9cbsjf612kgsbcv7m80u0',1497441151,'__flash|a:0:{}'),('36s9gv9csego11rbfgpj9ceo72',1496248014,'__flash|a:0:{}__id|i:16;__captcha/site/captcha|s:7:\"yawefbo\";__captcha/site/captchacount|i:1;'),('36u01roi6dvaga9uep6rk0r0a7',1496146440,'__flash|a:0:{}'),('37guat7ocblc8hefgjofp9qoq6',1499052506,'__flash|a:0:{}'),('37j0ep6ca8kisqa69l5hr012r7',1499467504,'__flash|a:0:{}'),('38a1n9hemfddrkrts1722uvts7',1497537809,'__flash|a:0:{}'),('3alfu0cqrh2q12fdudl4mbpa45',1496146436,'__flash|a:0:{}'),('3bc00k6v3ldckpd4eeoiigvqn4',1497817421,'__flash|a:0:{}'),('3e2hvst4gthfqnqs2s3hv0g9g6',1496146436,'__flash|a:0:{}'),('3fcvge2gkh0s2t6m9ahki8sqh2',1497477414,'__flash|a:0:{}'),('3g5atm6gc96sevijm24vnqrbr7',1499469328,'__flash|a:0:{}'),('3hat56d11seqbuasobad9igkj1',1496519099,'__flash|a:0:{}'),('3ibte98trfr96r1iruri6o46l3',1496589757,'__flash|a:0:{}'),('3jgg6850qr6hoe7jo1tqckjjl1',1496146432,'__flash|a:0:{}'),('3kbfi9e3eav9p43ann5q243jh0',1499012967,'__flash|a:0:{}'),('3lo3ja11qhufouvd3tphrkbrl5',1499493018,'__flash|a:0:{}'),('3mi9c7efpc56bo73ssieclglj5',1498680792,'__flash|a:0:{}'),('3ndab4pqgobin930buco4laui4',1499469325,'__flash|a:0:{}'),('3nf9b59cblf81431g3l6plqf13',1499160347,'__flash|a:0:{}'),('3nkcq71v4b5lgeub39n78t5lk7',1496146437,'__flash|a:0:{}'),('3okvlpovgovf3djr8hs3htvnn3',1499012469,'__flash|a:0:{}'),('3qbkf44eqvd1okc7earaal37e3',1496146440,'__flash|a:0:{}'),('3qujgb3bn7pmp4jgq67sa6sp04',1497536694,'__flash|a:0:{}'),('3tbvfkqave6njevte2rkh9mgf3',1497351128,'__flash|a:0:{}yii\\authclient\\clients\\Facebook_facebook_token|O:25:\"yii\\authclient\\OAuthToken\":5:{s:13:\"tokenParamKey\";s:12:\"access_token\";s:19:\"tokenSecretParamKey\";s:18:\"oauth_token_secret\";s:15:\"createTimestamp\";i:1496055078;s:50:\"\0yii\\authclient\\OAuthToken\0_expireDurationParamKey\";s:10:\"expires_in\";s:34:\"\0yii\\authclient\\OAuthToken\0_params\";a:3:{s:12:\"access_token\";s:180:\"EAAbWKU9nx1ABAOk28zCq3vIMbh00MgNGNgaPKDB1Qn10lNebM942x5fZAnfZAthv2SGZBGwkgy8y8t2DZAggXr8j99qRNJfY6LwJZBJnB8ZCXARAWhvnsSjXJjLci7MKmpGxFAVZCc6pIpKlOyco0iZC0sZChTtnpWYm61rgliSQSogZDZD\";s:10:\"token_type\";s:6:\"bearer\";s:10:\"expires_in\";i:5184000;}}__id|i:21;'),('3v7e5rqmqh1s02qc7argb9q1b1',1498394875,'__flash|a:0:{}'),('3vjp0hpll5t4cpmjlsu24h9hc5',1499335171,'__flash|a:0:{}'),('3vv5721tlp5qklocc6vsnlbmn3',1496211561,'__flash|a:0:{}'),('42jpmod7b4cqa2b2uo0k98au31',1499072192,'__flash|a:0:{}'),('43ujtoa3283kj65pqjt928uqn0',1496210924,'__flash|a:0:{}'),('47dfvq82j7k87hi396h73vu4o1',1497535880,'__flash|a:0:{}'),('4b8jtq3nccoond4mi57l3bn2h5',1497706134,'__flash|a:0:{}'),('4cvu880ttj5ire3cfgcgcvj1i0',1496146431,'__flash|a:0:{}'),('4dgma3tag5h21ib1c4r1bfomr5',1499012446,'__flash|a:0:{}'),('4fcprng8s3t9d00bmpq2dmfd16',1496495254,'__flash|a:0:{}'),('4frpmq0qbq5fvmrgaf92nfist6',1499469333,'__flash|a:0:{}'),('4g8hfg9notucam4m8ciu5rr3s3',1497115348,'__flash|a:0:{}'),('4g9a7gsol3p3h3tr00esu3n4b3',1499469332,'__flash|a:0:{}'),('4hntkds6eunl6kqgl0rococ3o6',1498349294,'__flash|a:0:{}'),('4j1q2tjr8pi5mq9552m63ggbk3',1499469331,'__flash|a:0:{}'),('4jb2qtq6vm2i70bu0dla5l2h60',1496918649,'__flash|a:0:{}__id|i:4;'),('4jsn0if6vsvif2vmmcntcbcp57',1499236048,'__flash|a:0:{}'),('4m8dbhfkj3srlhthfome5qmrl0',1499469332,'__flash|a:0:{}'),('4mntq71fp8b2st6fs4jaupe7v2',1496588057,'__flash|a:0:{}'),('4mveiv9g561vf8egkmrs0s4f25',1496146430,'__flash|a:0:{}'),('4ns6m4evc6c1tq00udan1kffc3',1497263330,'__flash|a:0:{}'),('4ofk8uih5126kfuf2bqq8s69n6',1496169159,'__flash|a:0:{}'),('4pf5crpcfmmd4utp96l1a5kvh3',1496519969,'__flash|a:0:{}'),('4q14qv6ir4ukdv7lqao0gqio07',1496327769,'__flash|a:0:{}__returnUrl|s:43:\"/basket/confirm-purchase?transaction_id=315\";'),('4rcdoq5l6qmn5n6ovm3cbclfn4',1496146435,'__flash|a:0:{}'),('4s6qi1o2p1lc16i6fuspgthj05',1496146436,'__flash|a:0:{}'),('4sb445qo63vgbtagkb449jnpp6',1498261499,'__flash|a:0:{}'),('4ucie4g98i6uu4heofq02ndj92',1496146438,'__flash|a:0:{}'),('50p8kcbgb2d1mjcdrs7qd05cm4',1499245995,'__flash|a:0:{}'),('51djv79vgkqbof5hthlfp00mc1',1498403564,'__flash|a:0:{}'),('53u7tla8guheaootahgjbpgj67',1497776820,'__flash|a:0:{}'),('54o16n7gm87md9e478f92fi7k1',1497557675,'__flash|a:0:{}'),('575h9cm1l62nhql96971gughs1',1497579809,'__flash|a:0:{}'),('59jtbfp1knloe4h1k91oaapdu6',1496458499,'__flash|a:0:{}'),('5a979kutdt7q009jdghr6k6ne0',1496146438,'__flash|a:0:{}'),('5b9f6jb2tv089u7st4oa7fht44',1497028035,'__flash|a:0:{}'),('5dj200htiqjvha482fl7dc2783',1496146432,'__flash|a:0:{}'),('5e6dp4pdi693oh473e9cao5nv5',1497712677,'__flash|a:0:{}'),('5fnop38a35hrejtsfifivh4qh7',1498643756,'__flash|a:0:{}'),('5ihcj76iqdkpjmdall8694lq66',1496146441,'__flash|a:0:{}'),('5ik4mb4re5kjiievd0rif4f9e0',1496153428,'__flash|a:0:{}'),('5ika6iq0kumtn70tfrvr9v6hl4',1496590830,'__flash|a:0:{}'),('5k34aipbfkaknsuonbf9624oa7',1498578294,'__flash|a:0:{}'),('5k3ukoso1kcuu7o70o2tmvvgh0',1497441151,'__flash|a:0:{}'),('5l2ti2f2aj58hs7ipi802r67j2',1497609873,'__flash|a:0:{}'),('5ntdtm03hd88j626thcetndfk4',1499012819,'__flash|a:0:{}'),('5o6bmn411eb5t6ddgai9tj9732',1497518313,'__flash|a:0:{}'),('5p01sg3d40g2b5juf04f093st7',1497443164,'__flash|a:0:{}'),('5q3abbera1dsjnebc5dq0m0fu4',1497348717,'__flash|a:0:{}'),('5rlpa2l4guv03m6bmlrf1bk3m5',1498418054,'__flash|a:0:{}'),('5t0cp7sgae7qlti3fk6in3tn37',1496146435,'__flash|a:0:{}'),('61l2kukcrp04da0gcndvlcskt7',1499201141,'__flash|a:0:{}'),('620ti3h6p8ecj0uc49i7qrk747',1496146433,'__flash|a:0:{}'),('62a3jt111k25sh386nkpas0fj0',1498380940,'__flash|a:0:{}'),('62lhdvtoqmprgnn2rgr1cqfjh5',1497897040,'__flash|a:0:{}'),('64ci7p2iqc639hd8b086m6spi1',1499328702,'__flash|a:0:{}'),('64vg3p8buv1cilivehioodc3d5',1496146437,'__flash|a:0:{}'),('679ugctph4ifqv336nfi8pofd5',1496485245,'__flash|a:0:{}'),('67gafq4oaokdbpkllp2q1hd5r7',1499469327,'__flash|a:0:{}'),('6889nda95no8v5qopdht3v2k65',1497588540,'__flash|a:0:{}'),('69g2a7arsaevg2vd5imkbq6oo5',1496001679,'__flash|a:0:{}'),('69s66f7tphihgnmkn713n9f1a0',1498476152,'__flash|a:0:{}'),('6bslq8rgqa7r17i14l5omrhnp6',1497537806,'__flash|a:0:{}'),('6cg04doi3cr03fvdsd7gmbg3o1',1496279941,'__flash|a:0:{}'),('6d2j0addfbab2gdd8hc3idfg57',1496587052,'__flash|a:0:{}'),('6efuesahho1jele7ot2im2vc47',1498498724,'__flash|a:0:{}'),('6fjuaqdgrvul7i4t4k3l218j46',1499508129,'__flash|a:0:{}'),('6iqhpj1l1fpo9k6bab4kdpl631',1497893646,'__flash|a:0:{}'),('6jerhe5rpki1o6dn2rrgo4sbv5',1498320599,'__flash|a:0:{}'),('6jmpeshnar1df5mg6sdlqodpk2',1498645227,'__flash|a:0:{}'),('6kf9o44h5f5qtg0tos85rkord2',1498300702,'__flash|a:0:{}'),('6n5c3e8dhg9oi23dpv2sb90up6',1498163756,'__flash|a:0:{}'),('6ou8thv9fpgibe6o46p8b05ff3',1499012967,'__flash|a:0:{}'),('6p8sucobb0ur2s7d5vnbu14v43',1496327785,'__flash|a:0:{}'),('6pr3v1m4qrescastm9gdbssk47',1499469334,'__flash|a:0:{}'),('6quhu8qmcq2rp4ejotrioo0k37',1498582608,'__flash|a:0:{}__id|i:22;'),('6scr7sp1codlo5k3nbi1kdvdn6',1499328677,'__flash|a:0:{}'),('6t96kgro6vmvd7bf0ejvkn39j6',1498276302,'__flash|a:0:{}'),('6ucn5qetjmjok0t5dp1thcv4t6',1498161297,'__flash|a:0:{}'),('70cnpuodd23s9a551okjp2n3g6',1497526908,'__flash|a:0:{}'),('717u88sggopblu5eaahlhtb2b1',1497229617,'__flash|a:0:{}'),('71ke5pfjqduhi54dnih0rm0d91',1496146429,'__flash|a:0:{}'),('72qghh09j4b3ieb3n27sussr37',1498349294,'__flash|a:0:{}'),('736tf155de1ofkhp1bohopbfu1',1497348746,'__flash|a:0:{}'),('74vb2dm6gf8i2glbf3ooh9ggs0',1496146435,'__flash|a:0:{}'),('76bqvgmjciis1nesbaedcabfg0',1497239560,'__flash|a:0:{}'),('78ra5tebratvdfj4gpum42ita5',1498161298,'__flash|a:0:{}'),('79hm6ollaq9j2d6flphugnt204',1496146438,'__flash|a:0:{}'),('7a8q7h7d3aiu5rrbhnqrk453h3',1498824419,'__flash|a:0:{}'),('7ah29rhfp70pt8u1he2de95d80',1497745805,'__flash|a:0:{}'),('7b7jlnp9qpd3sq6m1gnb7p7lc1',1499469328,'__flash|a:0:{}'),('7d82uj8kd3cm44q4umb3m561a7',1496146431,'__flash|a:0:{}'),('7dg1256qu93e8ca4us5q2g2r21',1498569795,'__flash|a:0:{}'),('7f1ibif59k3fq2lbfkdoor24d7',1496146439,'__flash|a:0:{}'),('7fk5vf7hih3v03bevhu24piho5',1497441151,'__flash|a:0:{}'),('7ggcs1kq6a2iqq24aar9e3mji6',1497712635,'__flash|a:0:{}'),('7jd8m56njtuuihqnspcjsqaq96',1498569791,'__flash|a:0:{}'),('7l2vlbjc0jk9pt4n14bl54fkn5',1498526551,'__flash|a:0:{}'),('7lqoju0ar61c90qljkc7gm10a7',1499469324,'__flash|a:0:{}'),('7n6rs4rd6lacnedlcogisuvcc5',1499538077,'__flash|a:0:{}'),('7ofs27fi0ouqm3kou5ovcg3bs2',1499469329,'__flash|a:0:{}'),('7om7pcj7he7qcbiecb6b0fd9n3',1499469328,'__flash|a:0:{}'),('7p6v57kmok1c2ddom6hm2iino1',1498213316,'__flash|a:0:{}'),('7pifh9q23frks6dp7e07qshgm7',1497856487,'__flash|a:0:{}'),('7s8dsf4jaqs4h6bo994ebhr1k0',1497386562,'__flash|a:0:{}'),('7sihf2cntakr9rc5l1hf6ekss1',1496146442,'__flash|a:0:{}'),('7srgog4adnrtl0fiej4csbjbk2',1498755110,'__flash|a:0:{}'),('7uk2f40qcol72sk7jupvfhsuc0',1496327785,'__flash|a:0:{}__returnUrl|s:43:\"/basket/confirm-purchase?transaction_id=315\";'),('7v010g8dnk1nprmfk6686kbpo2',1496166072,'__flash|a:0:{}__id|i:4;'),('80kfe3hp55f7k5v9bl29s6v8q0',1496146441,'__flash|a:0:{}'),('82452gvhg87mvmbmlr5ff3vut7',1496001676,'__flash|a:0:{}'),('87epp91j91qjjmj0i3huos79j4',1498028366,'__flash|a:0:{}'),('89l3q3tgl88vasnnpc8srm0eh0',1496158215,'__flash|a:0:{}__returnUrl|s:37:\"/syndicate/create?game_id=1&draw_id=1\";'),('8asbr0vd73ht4tdsnrt672pjn3',1499501762,'__flash|a:0:{}'),('8bvbh0jcmp5h8o8465ca981of1',1498035057,'__flash|a:0:{}'),('8cs4rnpu4o67vhmdqtjkjqcv60',1497299343,'__flash|a:0:{}'),('8ga38pus20poei8l31jct822k2',1498224402,'__flash|a:0:{}'),('8guroobu6h22g4k65eoosmug33',1498055218,'__flash|a:0:{}'),('8iamnblq0os7bi1650u01l5a86',1499469329,'__flash|a:0:{}'),('8j4os2iaepts7mp8r00m67pj73',1497923699,'__flash|a:0:{}'),('8jb1u9qajstsrjfo81p7390e61',1498760074,'__flash|a:0:{}'),('8k3dcl2jd4hl677pnabb0lkrl1',1499469329,'__flash|a:0:{}'),('8k494549jvdk963g1oqgee4jb4',1496000777,'__flash|a:0:{}'),('8kokvk63tckomcavg9gesp19e1',1496146434,'__flash|a:0:{}'),('8ksqedse4jtja0pb71ulhqbg53',1498586078,'__flash|a:0:{}'),('8lmi9biuk06f6grb1ltsn2st62',1498901303,'__flash|a:0:{}'),('8ltdfdkiu2sogn0qa5080paeu3',1499027451,'__flash|a:0:{}'),('8nee3nhu5v2jpacm0750ae4s36',1499012918,'__flash|a:0:{}'),('8or1qdb39ut9lgi3m7nf5vtc07',1496519100,'__flash|a:0:{}'),('8p7629841r7f25ji15hi7atd96',1499469330,'__flash|a:0:{}'),('8qs4ec432adphq4jhvq4e0ebf4',1496146433,'__flash|a:0:{}'),('8r1adbjsm0r449ev59hn4ff0u2',1497537809,'__flash|a:0:{}'),('8sp447fu3r73kkia7rvnb554v6',1496415486,'__flash|a:0:{}'),('8thonvhuhh046b84losmduup63',1496147913,'__flash|a:0:{}'),('8tih3lhsfui1mjrjfsk7o5fks2',1498476152,'__flash|a:0:{}'),('8v4pdg3kct0089br93ql7im3l7',1497770719,'__flash|a:0:{}'),('92o4j9jga7hpn2m0sp6qmma6p3',1496146429,'__flash|a:0:{}'),('94m6gu4dtivn5lt35i7bqtptm3',1497535665,'__flash|a:0:{}'),('9584j66mv69h8vnpsohfmgdgq0',1496604169,'__flash|a:0:{}'),('95vubrojag9gt0nacen2fhj497',1499112936,'__flash|a:0:{}'),('9748t012bu41ht2h71kl4h5dd5',1498099873,'__flash|a:0:{}'),('99dbvjbmre3g86iftqqu9ef2k4',1497536779,'__flash|a:0:{}'),('9d2gaetim9981anfk0mu2mtd70',1498476152,'__flash|a:0:{}'),('9d4ujd94f91uukuo5jcrbvic54',1496248201,'__flash|a:0:{}'),('9d9ud7hedjn2tseca1m3d3neo6',1498301868,'__flash|a:0:{}'),('9e220o1562l6mj76f4hnbbndc6',1497035528,'__flash|a:0:{}'),('9fi5ka7c8m09tq9bnuhoh43do2',1499353287,'__flash|a:0:{}'),('9h4vrmu9scdrldogqb86o6gif4',1499420332,'__flash|a:0:{}'),('9hshq2i1hvu77ftmeukql71tv1',1497811148,'__flash|a:0:{}'),('9i0ni2of4m8u8b7o0jq3j2ks36',1497100680,'__flash|a:0:{}'),('9i5aia14egj9asaob2m3e7m6t6',1497541854,'__flash|a:0:{}__returnUrl|s:22:\"/syndicate/choose-game\";'),('9ifb23li7eug923hea73qtoaf2',1496146432,'__flash|a:0:{}'),('9ipp5k0eu75n0pd77ao01bor97',1499013094,'__flash|a:0:{}'),('9jaetq5n8dkh0q5uqsfv6bse95',1499469332,'__flash|a:0:{}'),('9jre0m5c2a0f1bjaf4jkflubp7',1498118671,'__flash|a:0:{}'),('9k5ds2dal2lmj6rkuj6ff8m8n3',1499260371,'__flash|a:0:{}'),('9k8m5qhracerev3pjqb009k272',1498569795,'__flash|a:0:{}'),('9lpcn4cc0a4oq2n58h1g2mbpp2',1498135568,'__flash|a:0:{}'),('9mnpt7ojjlf4ss9055mn09gah7',1499469334,'__flash|a:0:{}'),('9q7elt3le73utkk4bergons751',1497378834,'__flash|a:0:{}'),('9qucto3mtlnp29eq61aq69b173',1499469328,'__flash|a:0:{}'),('9rj0vfhcbm8kamaphku5rh4461',1496036310,'__flash|a:0:{}'),('9rkfbit35q1rvtdb7mh41v9h25',1499469327,'__flash|a:0:{}'),('9v7d7hkrr38m3c4jdfr0n1qfi1',1496415454,'__flash|a:0:{}'),('a2hgjna0ce4mh02ckahbkn8gl2',1497348717,'__flash|a:0:{}'),('a37cqncjun7bdab7ocj4upuai0',1498287107,'__flash|a:0:{}'),('a3j8sqmbfkd8e1soi69eg1s1u1',1499469330,'__flash|a:0:{}'),('a55dcd880ckndvhj52p5rarpu6',1499012916,'__flash|a:0:{}'),('a55m8ei587cvboo8n7bkq5dm51',1497522393,'__flash|a:0:{}'),('a7dvdsgufgg61j8eleut9q5km3',1499469328,'__flash|a:0:{}'),('a7pgnoko3fsjlq3i0dr9uet410',1499509359,'__flash|a:0:{}'),('ab2172v5b56ilr3ubbjcehrpb6',1496146437,'__flash|a:0:{}'),('ab5cse1695ecodm97l2pfjtdp7',1499456908,'__flash|a:0:{}'),('ae423b0c1n1403aanolajce012',1497597264,'__flash|a:0:{}__id|i:22;'),('ag90ae8dvt3qnd117ocvb0ai41',1498255202,'__flash|a:0:{}'),('agou4gip2a9pjfd77gcbagnik4',1496146431,'__flash|a:0:{}'),('ahjmapvapp3rtquqq1kcrvjda5',1499469331,'__flash|a:0:{}'),('ai7oqufobsvaf9nmrnl27367m6',1497249668,'__flash|a:0:{}'),('ailo6g44egidjuhaic0kvn2kc3',1497441151,'__flash|a:0:{}'),('aim9jf0qbiib9t6aeq2lgjv693',1496588337,'__flash|a:0:{}'),('ajs5ltpq4sgmfsvdvoih2179l2',1498596302,'__flash|a:0:{}'),('akhiag1s4h57l3au67fjao1r35',1498832643,'__flash|a:0:{}__id|i:16;'),('akj4s2qr2mu57ues9gcdquepb2',1498324622,'__flash|a:0:{}'),('al5nc0k3f3ofkol9unjq3s7nr3',1498469712,'__flash|a:0:{}'),('anlr7c73tangn3a1q13d46ni43',1497536975,'__flash|a:0:{}'),('aofnm1umphctuc2033v2f654t7',1498394875,'__flash|a:0:{}'),('avb4k022heeromkeb0iu90fpv4',1499469333,'__flash|a:0:{}'),('b25m097bjj7antec7ft47ucfc7',1498469712,'__flash|a:0:{}'),('b422sf7v4trf3oe6kcfq8u1a15',1498096972,'__flash|a:0:{}'),('b4bd98dtntk6skkipda6cjq876',1497986171,'__flash|a:0:{}'),('b6e8f3qdbv8qgg1ts62062emr3',1499409810,'__flash|a:0:{}'),('b7fa1a0p4t5puejdp3cla9rpg2',1499469326,'__flash|a:0:{}'),('b8cv0r6v53bnl6rhb331nd8f62',1498572438,'__flash|a:0:{}'),('b9hl6kac5m9i6rl57sppr3cgu4',1496146434,'__flash|a:0:{}'),('ba1r3jd13vrnb9ihl7qofpf875',1498901303,'__flash|a:0:{}'),('baim8imp8pd0fs0ut9n9f1k8r1',1496216596,'__flash|a:0:{}__id|i:12;'),('bb0qegp605pk4m5gvqfb1klmr2',1498569791,'__flash|a:0:{}'),('bb7g13mha2j78n6do0vm66f3s1',1499469328,'__flash|a:0:{}'),('bbcfl79thqbv51tr1cltqn2q46',1497534458,'__flash|a:0:{}'),('bcdidostl3e0568dknudvrhte1',1499200204,'__flash|a:0:{}'),('bdps8tcm729a9tc526h07inhb6',1499012441,'__flash|a:0:{}'),('bf92jrvb70ql6ni38vjgutmng4',1496146438,'__flash|a:0:{}'),('bi141gc3klfmuni0f5ebrm5k63',1499491346,'__flash|a:0:{}'),('biq2cbkp5jpe881d1jv832i7q3',1497745074,'__flash|a:0:{}'),('bn7ul9kptsqeip053vdenv4v95',1498982910,'__flash|a:0:{}'),('bnbc8le7cfejnglbuu7i3b8e02',1499350225,'__flash|a:0:{}'),('bokffg1e9lac998475l878n746',1496233072,'__flash|a:0:{}'),('bpg7gaudbmdeu1t26o2hugukb6',1499013052,'__flash|a:0:{}'),('bqices2r11mr4mkb990pkrpdv0',1499505190,'__flash|a:0:{}yii\\authclient\\clients\\Facebook_facebook_token|O:25:\"yii\\authclient\\OAuthToken\":5:{s:13:\"tokenParamKey\";s:12:\"access_token\";s:19:\"tokenSecretParamKey\";s:18:\"oauth_token_secret\";s:15:\"createTimestamp\";i:1498057309;s:50:\"\0yii\\authclient\\OAuthToken\0_expireDurationParamKey\";s:10:\"expires_in\";s:34:\"\0yii\\authclient\\OAuthToken\0_params\";a:3:{s:12:\"access_token\";s:184:\"EAAbWKU9nx1ABAK6GAhRVzHsx9c63lrlaKrPwNw0SSQZBfMcc8h1lRxSUlrybZAz53algRW2K5ZB2juls7tc2TYlKLihJBJzzPyEQMQCVPiTp9HZCDCZCxRokTN0crokZAmOAIqwVvI6Pd9K2G9LWE29FNIVr0YTZAzQXSjBdhYCCkXt4QXlNU0n\";s:10:\"token_type\";s:6:\"bearer\";s:10:\"expires_in\";i:5154224;}}__id|i:11;'),('bs563vhpcnn39tlmqh8kmsdcu1',1499469325,'__flash|a:0:{}'),('bsb9u6gd3g2bqfr51868rkno30',1496146437,'__flash|a:0:{}'),('bt89gstfo6lea5si0qguadkbv1',1496049534,'__flash|a:0:{}'),('btv2lsmcmme2jcdimgmp3qe327',1496677030,'__flash|a:0:{}'),('c0gbgdn3afimuc9vdc0e0m45a6',1496042435,'__flash|a:0:{}'),('c0u12jsj0mjabj3hm072kf4tg3',1497271707,'__flash|a:0:{}'),('c5cmh506unucgp3bq0vbvh4ng7',1499469326,'__flash|a:0:{}'),('c5jo89na1s2lhodfj2f8gp6i00',1499517126,'__flash|a:0:{}__returnUrl|s:37:\"/syndicate/create?game_id=2&draw_id=2\";'),('c6c44u0a1gqs96utvkc2he5m20',1496456464,'__flash|a:0:{}'),('c7kl1nmkdt8cqmus6s0r509g90',1496841367,'__flash|a:0:{}__id|i:8;'),('c7oep0m6f94bud5f4got7b4ae5',1499236047,'__flash|a:0:{}'),('c7qrhemouud88cb22e4kmfb9l1',1498971657,'__flash|a:0:{}'),('c91ihgt3do038oa2c9shs2hlm4',1499539958,'__flash|a:0:{}'),('c94r95nf4n6kfgu9v2ojqkboe4',1499216932,'__flash|a:0:{}'),('c9htp59n1hfuuhragh1uf6ode3',1497712678,'__flash|a:0:{}'),('c9m5rdncsh1513sa4g94o07kb2',1499339269,'__flash|a:0:{}'),('cc0vtog3cgql8u8a3etdg3uab7',1496146439,'__flash|a:0:{}'),('cf6e0308j7kgt8gopeqn537o03',1497731585,'__flash|a:0:{}'),('chandblfv66i0plhibp4upknb5',1499469327,'__flash|a:0:{}'),('chvvhv79dn37t7n8031srb58a7',1497743716,'__flash|a:0:{}'),('cm8bmkpdndkb0dds37fceraq37',1498605302,'__flash|a:0:{}'),('cnc1g3grek1ppqjm26h324qbi6',1496614775,'__flash|a:0:{}'),('cnf31ih56vu05tc7h2c22pkej0',1496146432,'__flash|a:0:{}'),('comd02ai8tra3alre63497ob73',1497985665,'__flash|a:0:{}'),('cpm2m4ie7jun40nuqlhl7snlm4',1499469331,'__flash|a:0:{}'),('crqvg86pdjkspr8baepik145f7',1496423466,'__flash|a:0:{}__captcha/site/captcha|s:6:\"cvvuzu\";__captcha/site/captchacount|i:1;'),('ctfl4r887s12slc6onqu82j0e6',1496932863,'__flash|a:0:{}__id|i:1;'),('cu6fs4clkgjhs4vhb913nvs8f0',1496146431,'__flash|a:0:{}'),('cv1lndok4qg3jd9dheloh9lqp5',1497633022,'__flash|a:0:{}'),('d0hs8f0s9berrn3dkg0k06mrf5',1498035056,'__flash|a:0:{}'),('d1ojcg81jpoa987ejb819f0gn2',1499043736,'__flash|a:0:{}'),('d4enqlhdi4va8nm1klkbu7fun6',1496146437,'__flash|a:0:{}'),('d4o8pnt222h5r7e218evr4pn95',1498643751,'__flash|a:0:{}'),('d692bb3r1jon2ttvpqhu02m9g0',1499469331,'__flash|a:0:{}'),('d8i0beqm1avuphhmblkimvkr10',1497389962,'__flash|a:0:{}'),('dc6nqggpa3888j3fi5t39iklj2',1496146435,'__flash|a:0:{}'),('dcfj5d7b2abjp3vnrj298vf564',1497263331,'__flash|a:0:{}'),('dcgu6vc7g8f935bno5l3bdkv76',1499469038,'__flash|a:0:{}'),('ddkouadib6g8rvkk5fqbon6dd5',1498469760,'__flash|a:0:{}'),('dejp3778euqqhs9280h1var8v5',1496146435,'__flash|a:0:{}'),('dfmukd2vljtgp3kbhlh9b79js1',1497793114,'__flash|a:0:{}'),('dh72ut8pn25ld8acbqni5seg46',1499012690,'__flash|a:0:{}'),('dhh2qej4a0kpv3tslhrkf753i0',1496508522,'__flash|a:0:{}'),('dhioani0ajdlrm6tvmve65quv3',1497331418,'__flash|a:0:{}'),('difko7283m1fcqhvo0dmb8cpb0',1499326220,'__flash|a:0:{}'),('diu25ied51pc3usq9n02b3q836',1498872630,'__flash|a:0:{}'),('dmdj7o7tvf44l70frr8ulr8p87',1498120844,'__flash|a:0:{}'),('dmsssmv8fqpmsbpgmnusq64u33',1496210923,'__flash|a:0:{}'),('doi62ncph466rrssa2m2me8rn2',1499469325,'__flash|a:0:{}'),('dorpnr9omockcjt52qm2e4noe5',1497909417,'__flash|a:0:{}__returnUrl|s:22:\"/syndicate/join?id=280\";'),('dpiskhjbo2herjq05ql9mp4ef2',1499012690,'__flash|a:0:{}'),('dpqapnphbkp4jd45q0ugcq69r2',1499469326,'__flash|a:0:{}'),('dr08e7l2ff298dvtea6ooq8qm3',1498882411,'__flash|a:0:{}'),('dr4ep2k61vu2iuhijkcbcg9ia2',1498818623,'__flash|a:0:{}'),('dr958rgvqgrq6pul06i4i50783',1498161297,'__flash|a:0:{}'),('ds7gftq1rr58pp99l88bqjais5',1496406099,'__flash|a:0:{}'),('dsrtpp18ebdal0rnk1mdqrc2g7',1498502643,'__flash|a:0:{}'),('dtu5uo5seo9aescbiuoarlsa05',1498130122,'__flash|a:0:{}'),('du2slaivu3a62ghq6bd3nkivd5',1499012746,'__flash|a:0:{}'),('e2i64lk58u4lutqiun4eqgrd84',1499357245,'__flash|a:0:{}__returnUrl|s:22:\"/syndicate/join?id=279\";yii\\authclient\\clients\\Facebook_facebook_token|O:25:\"yii\\authclient\\OAuthToken\":5:{s:13:\"tokenParamKey\";s:12:\"access_token\";s:19:\"tokenSecretParamKey\";s:18:\"oauth_token_secret\";s:15:\"createTimestamp\";i:1498058007;s:50:\"\0yii\\authclient\\OAuthToken\0_expireDurationParamKey\";s:10:\"expires_in\";s:34:\"\0yii\\authclient\\OAuthToken\0_params\";a:3:{s:12:\"access_token\";s:186:\"EAAbWKU9nx1ABAFO6vebEuFaMF6aKizZBByxsOjZCknjlKBxNKrlkegUJN7bqWhZBVopG0giZCoBVyZCZCHOw5VdryeHqdnu0ph9QWybxCcOUtprzwRVD2sN6a9yvzdQV9L0HWMfVE1sMblCQfegZABPcbKXZCcrPg8S7ZCuGk2as0Ekxxd1OM8Pmn\";s:10:\"token_type\";s:6:\"bearer\";s:10:\"expires_in\";i:5183999;}}__id|i:7;'),('e2jjtekcp0mi19rs29fald2so6',1497028036,'__flash|a:0:{}'),('e3hpj1njmm1ir1n7hd0qt3b7g6',1498904544,'__flash|a:0:{}'),('e3otli5hidcrfkg4bbnqr3ffh0',1498867069,'__flash|a:0:{}'),('e50aaf25l5e9p7odjjarfa41p3',1499356764,'__flash|a:0:{}'),('e6hkrl2qtc2jse5fcmv6d41od1',1498452595,'__flash|a:0:{}'),('e6n8kbnk0ndhh558729hpir1g7',1496677030,'__flash|a:0:{}'),('e71jdc0vj1fsr3g1csdltu3ue0',1499012895,'__flash|a:0:{}'),('e7tgi9rur9s2bqstmm344rbfi5',1498700126,'__flash|a:0:{}'),('e8dnq6f843esoo4g8q07e0fvq3',1496918659,'__flash|a:0:{}yii\\authclient\\clients\\Facebook_facebook_token|O:25:\"yii\\authclient\\OAuthToken\":5:{s:13:\"tokenParamKey\";s:12:\"access_token\";s:19:\"tokenSecretParamKey\";s:18:\"oauth_token_secret\";s:15:\"createTimestamp\";i:1495622553;s:50:\"\0yii\\authclient\\OAuthToken\0_expireDurationParamKey\";s:10:\"expires_in\";s:34:\"\0yii\\authclient\\OAuthToken\0_params\";a:3:{s:12:\"access_token\";s:166:\"EAAbWKU9nx1ABAIRxi7WpiZAZA9gIo0sYmKKwIMdnmYPZAfneqiI6s8w5ZA4FzddUSnp0kPhAA87AHx4QBWzpF4bXaxnplONYAkoaXsABZBFYviAHZBeqmw8HYP2ty6BsUBYNANzd4cSjeZBzc6WT2GwZCW12nh03oYUZD\";s:10:\"token_type\";s:6:\"bearer\";s:10:\"expires_in\";i:5107166;}}__id|i:4;'),('e9ccceg783hagnkhj2jhkv6iv0',1498202931,'__flash|a:0:{}'),('ea4nl2c6j4lumfejse5htgsci3',1499530737,'__flash|a:0:{}'),('ea82er47st4nj1biltfl8jl192',1499469330,'__flash|a:0:{}'),('eap220t91soqnl8gd9t111mi92',1499469331,'__flash|a:0:{}'),('eci6jmgo63ii7d0pg12qiak3j5',1497445499,'__flash|a:0:{}'),('ed09hjlojrcamlkajab1epi3c0',1496146441,'__flash|a:0:{}'),('ed0j2qd4cb2vcki865e4vspbe7',1498055590,'__flash|a:0:{}'),('eekmk3cjp44qft9a8satlgca75',1498418061,'__flash|a:0:{}'),('egg8lfus62krvq2hqkd8a414l4',1498844679,'__flash|a:0:{}yii\\authclient\\clients\\Facebook_facebook_token|O:25:\"yii\\authclient\\OAuthToken\":5:{s:13:\"tokenParamKey\";s:12:\"access_token\";s:19:\"tokenSecretParamKey\";s:18:\"oauth_token_secret\";s:15:\"createTimestamp\";i:1497522163;s:50:\"\0yii\\authclient\\OAuthToken\0_expireDurationParamKey\";s:10:\"expires_in\";s:34:\"\0yii\\authclient\\OAuthToken\0_params\";a:3:{s:12:\"access_token\";s:185:\"EAAbWKU9nx1ABABq2EJASLyxp8kpC5FkZAzY18r6SDpGFCdj6QOB5v73ZCXz8rKev0L9qv2pZB0VFjOAHhZBLzIZAptghcBgqtWQZAk4I4PtP1r0LlEcNU8bphgxKoW7cOjfxM1WavBkjHw72fyXItIXD13WZCTVw1LOZBG4NArnQWYnW8YzVnd5r\";s:10:\"token_type\";s:6:\"bearer\";s:10:\"expires_in\";i:5184000;}}__id|i:22;'),('ehmmh4mbeck2hg0u2lkhg729d1',1496410169,'__flash|a:0:{}'),('ej572iidf7v8q5h1m9ri6qfnn7',1498140654,'__flash|a:0:{}'),('ekafk5k3v7o2igj5294gvd5bi1',1499200634,'__flash|a:0:{}'),('elreeaql0df0fgec3hui5bcou6',1499323557,'__flash|a:0:{}'),('em90rbbrk1raa9tp9p60cejor7',1497625407,'__flash|a:0:{}'),('emahrmtna4h4di3hsvpi682207',1498391579,'__flash|a:0:{}'),('emb14mkmso0cnd1pjddh7vdts5',1496216541,'__flash|a:0:{}'),('en0jhhktc7vggi0ese6lreud97',1496146441,'__flash|a:0:{}'),('en9tq24u8mivh1th01jpi0rmq4',1497542961,'__flash|a:0:{}__returnUrl|s:22:\"/syndicate/choose-game\";'),('end9nmrebqgkcbq5mt2le6cr14',1496146432,'__flash|a:0:{}'),('enesruh83runqqi06p5aa5cao3',1497985665,'__flash|a:0:{}'),('eoi8ogk12k1qtjh2j2lk3vtp95',1497038947,'__flash|a:0:{}'),('es3mtcdddrcg3dfh7qtdi2qug0',1498754155,'__flash|a:0:{}'),('etlkrdlehppkqi9i8f3k6dchh5',1498735320,'__flash|a:0:{}'),('etrpiirhio59239erkflhlvgg5',1496146440,'__flash|a:0:{}'),('f1oeeooscqe54fjqt759efqft4',1499337161,'__flash|a:0:{}'),('f3gckq4i1iom2k3at72v8prgo6',1499469329,'__flash|a:0:{}'),('f7bjsabkil4mog7ng0krbpreg4',1498639073,'__flash|a:0:{}'),('f7l577aavkrqdv51cc6mbp1qv0',1499013130,'__flash|a:0:{}'),('f8csj2n2858oeqlgbs2jo22qo7',1496417872,'__flash|a:0:{}'),('f8fhm1nh84s59knfin8paqd7i1',1499312353,'__flash|a:0:{}'),('faadlsoqgnms7sjev5vs214pb3',1499469326,'__flash|a:0:{}'),('fbsimdns9fqjeb6vaqnboa3om7',1496314798,'__flash|a:0:{}'),('fds514jetrr9nagnnf3nrcd5h4',1498464440,'__flash|a:0:{}'),('fec23gj9dfb193iv3lvgutac53',1498041464,'__flash|a:0:{}'),('fglepn07ss21p28uu4st4iu535',1497301609,'__flash|a:0:{}'),('fh2rfr5lsg0836704707832696',1498832206,'__flash|a:0:{}'),('fhr9138qsms5in199ih98uckc1',1499469333,'__flash|a:0:{}'),('fipol943h9g6cgm02sqhn4pi36',1498096970,'__flash|a:0:{}'),('fj05sj138ctp9di3q438rbo1l0',1499311667,'__flash|a:0:{}'),('fjpnn7qmbgcebjbndcf3o1h157',1496589331,'__flash|a:0:{}'),('fjuvgg80ocgtrrqk5s9qirnrq2',1498328049,'__flash|a:0:{}'),('fk8aal48jv5ha4cuie9glupkh4',1496146437,'__flash|a:0:{}'),('fkdsohaotdm07ea0m6rq4mrt55',1499368580,'__flash|a:0:{}'),('fl50cq87kulbj2m3qdvdll1h37',1497681336,'__flash|a:0:{}'),('fliub29b2ffpdu45meh9hkcfq5',1497076333,'__flash|a:0:{}'),('flv982mgm2uvbeo4fimicil6d1',1496614774,'__flash|a:0:{}'),('fmok1r74q9qu4ok929jh31oqc1',1499469326,'__flash|a:0:{}'),('fpl93ugbdq926v14h2on34is87',1499201141,'__flash|a:0:{}'),('fr2mplv6jprvga6n109l7h8a07',1496146440,'__flash|a:0:{}'),('fsrh8cudss69au9emevcbtdpd2',1498818620,'__flash|a:0:{}'),('ftjfktu6trmsjme6honp1kr0r6',1496231232,'__flash|a:0:{}__returnUrl|s:37:\"/syndicate/create?game_id=1&draw_id=1\";'),('fu0l27u94ovnvetbgerbhju3g4',1496652614,'__flash|a:0:{}yii\\authclient\\clients\\Facebook_facebook_token|O:25:\"yii\\authclient\\OAuthToken\":5:{s:13:\"tokenParamKey\";s:12:\"access_token\";s:19:\"tokenSecretParamKey\";s:18:\"oauth_token_secret\";s:15:\"createTimestamp\";i:1495356595;s:50:\"\0yii\\authclient\\OAuthToken\0_expireDurationParamKey\";s:10:\"expires_in\";s:34:\"\0yii\\authclient\\OAuthToken\0_params\";a:3:{s:12:\"access_token\";s:178:\"EAAbWKU9nx1ABAKwlIWuJSN2AODPYx7GPwIbrEXQNLyUY2MxtOwZAnw3GFj3hEIG9TAZBpZAx69w9vTeXebjfznDpXSJJAPlzKS6eZAZAulIhW7OZBwvgLp6ui1FuYKBmRdnSKEbZA6jqL1v4ktjgdiwjylQUpQ3IToqe76R4EAzAAZDZD\";s:10:\"token_type\";s:6:\"bearer\";s:10:\"expires_in\";i:5101468;}}__id|i:12;'),('g441oraj2qjjo6nrn1igj1d670',1496677031,'__flash|a:0:{}'),('g5q8gvq8ucn8mg5p98v2g3dra3',1496146437,'__flash|a:0:{}'),('g6o66r66f751drlm67o2ib57r2',1499469327,'__flash|a:0:{}'),('g8h7oslnd5v17kl21btvqhlq95',1498161297,'__flash|a:0:{}'),('g8t2p63n5po7pcumpgci4aquj7',1496146436,'__flash|a:0:{}'),('galnt0lmk824r39eb6l6r648s2',1499222568,'__flash|a:0:{}'),('gav0rgiihtrlhhn9r22mqkq6i0',1496146433,'__flash|a:0:{}'),('gcv9bu5lnof798gr0ca869ee96',1498418054,'__flash|a:0:{}'),('getatphk1m4tusnfqke7ft9rd2',1498755116,'__flash|a:0:{}yii\\authclient\\clients\\Facebook_facebook_token|O:25:\"yii\\authclient\\OAuthToken\":5:{s:13:\"tokenParamKey\";s:12:\"access_token\";s:19:\"tokenSecretParamKey\";s:18:\"oauth_token_secret\";s:15:\"createTimestamp\";i:1497122017;s:50:\"\0yii\\authclient\\OAuthToken\0_expireDurationParamKey\";s:10:\"expires_in\";s:34:\"\0yii\\authclient\\OAuthToken\0_params\";a:3:{s:12:\"access_token\";s:178:\"EAAbWKU9nx1ABAJ3ZBlegLefiB44jhNVLuMxIJM4QEwjcymS8klr0LZAc3Qb1ZA4xRuqbhTVjVyj0gkcQFuFmCDZCGuPgcHr0LZBShSWMiZBncTcYzwCCGkVRO7UhNZC60JwGIc4DGOVDUmj6QX9tt6MElxN6nMLYaMXDB7C6HxkaAZDZD\";s:10:\"token_type\";s:6:\"bearer\";s:10:\"expires_in\";i:5144025;}}__id|i:14;'),('gh0bso54dj6eubue0bdu1mokh0',1498872630,'__flash|a:0:{}'),('ghn313pdlop2jumltvjd150nm0',1497537155,'__flash|a:0:{}'),('gkpt4c5eamf4jap14aa03cu550',1496146436,'__flash|a:0:{}'),('glbnn41al9p274umjas589i1m5',1498939270,'__flash|a:0:{}__id|i:22;'),('gnanabss7445smt8mqbu71h6s3',1497536975,'__flash|a:0:{}'),('gpspla939juni8arnd29hqbbl7',1498569795,'__flash|a:0:{}'),('gs40bj4638nos5mmfi858rq116',1496146430,'__flash|a:0:{}'),('h0aa8i1147lrrlkm046acfbeq4',1497443167,'__flash|a:0:{}'),('h2kr060hn9u46bo51tomcq55a3',1497348717,'__flash|a:0:{}'),('h7vjb2lahfhkr9pi8e4kvpvqs4',1497387747,'__flash|a:0:{}'),('hbh8pip80i2pn5jvukosbttst5',1497731079,'__flash|a:0:{}'),('hbjf1c3edn0jaiapqah0kjl386',1496305332,'__flash|a:0:{}'),('hci8gltdognsfkb8a1icujcq04',1499469334,'__flash|a:0:{}'),('hdrdjcm68rib3sl0t8urbklko5',1499238411,'__flash|a:0:{}'),('hes4ct7ppj2vk8ldsh2jak0rr3',1498818607,'__flash|a:0:{}'),('hfu8a0p23hpkkn2r9lsd8aap93',1498901302,'__flash|a:0:{}'),('hiplve3ma82vemb340ir9k0va6',1496146434,'__flash|a:0:{}'),('hjgdcfde341dko17ia6h2mv802',1498643769,'__flash|a:0:{}'),('hlqqou7u3fhu900sg7nss2g5e6',1498598895,'__flash|a:0:{}'),('holdtqbt6q4v3lg717p4pep7n5',1499376273,'__flash|a:0:{}'),('hpronsckuft02o8uoc35slsno0',1496677027,'__flash|a:0:{}'),('hpt43llgvepu9vvni4grf3c0t1',1496327340,'__flash|a:0:{}'),('hq6er11gha0rgdfh0imdjqhjo0',1496146438,'__flash|a:0:{}'),('hqdbb5pkan1ire6v6murom3gf7',1496146439,'__flash|a:0:{}'),('hu7vqo1nrhj2i81odlcc541dv5',1496607839,'__flash|a:0:{}'),('hvuqfl7katsjtq8qodpstgtb77',1496146431,'__flash|a:0:{}'),('i08qc3kb7ov3p3v1t46bovh6f5',1498938435,'__flash|a:0:{}'),('i0g8m8ei2eb8e57jk8hp8uefa3',1499353281,'__flash|a:0:{}'),('i597r4je7n08tl304nsvniq284',1496146440,'__flash|a:0:{}'),('i7hp6sg5ikajh4c3ta78q4ti51',1496146433,'__flash|a:0:{}'),('i8995lonphiq31uea8udi607a0',1497591776,'__flash|a:0:{}'),('i9bqm36nq4ivad3bt47thr9420',1497653069,'__flash|a:0:{}'),('ibnm93ka3up4cgd4k5thnmprt4',1497910761,'__flash|a:0:{}'),('ibut2tfjm8ocindv7r3h52cfc6',1497712635,'__flash|a:0:{}'),('ic85fdkiolkmou8s1r8dik0p25',1497526950,'__flash|a:0:{}'),('id2cple9qvj21q48v1adnocc77',1496145991,'__flash|a:0:{}'),('iejtl9lie665pk0nvsksaomvs3',1497117705,'__flash|a:0:{}'),('ies5uii2dm1eomfl3qmf417hq5',1496365554,'__flash|a:0:{}'),('ifbn4rbdbh9dimgdniu7f0mfs7',1499469331,'__flash|a:0:{}'),('ifjg0sthc5n1eutmapg6q9lku3',1497614158,'__flash|a:0:{}'),('iijah51gvkv1n4cvtmeud288k3',1498367713,'__flash|a:0:{}'),('ijlabted3od493f4hg4jgaocu0',1497889001,'__flash|a:0:{}'),('ijnd3nmjqa0hm2rso9cr0t8hr2',1497732354,'__flash|a:0:{}'),('ijucmom8iclt1q4qf7bgie48k5',1499469324,'__flash|a:0:{}'),('ikqvsu63ivppklhdkckvh40k90',1499012819,'__flash|a:0:{}'),('imrqgqssmalmu024cvpuhedf36',1498394878,'__flash|a:0:{}'),('in3shtb4rlrf9k5aa3gjrlq1q5',1496146440,'__flash|a:0:{}'),('inm98henajgvpdkjd9e33l7h20',1498700617,'__flash|a:0:{}'),('io324fv9mdaa4lom6omlfkn2h2',1497263351,'__flash|a:0:{}'),('iprekki8dqmo6m2qedvud27b52',1498518594,'__flash|a:0:{}'),('irol9jmpm8at8hmigmqf1pam81',1497722913,'__flash|a:0:{}'),('itbn54qhr2gdch1l8v8nnv8466',1497536976,'__flash|a:0:{}'),('iudghc39nov03qc5rqs5m8c2r5',1496001678,'__flash|a:0:{}'),('ium12jculvpkj7betm242v8471',1497682538,'__flash|a:0:{}'),('ivktr4ev7l3lk1fest0elo5bv0',1496146432,'__flash|a:0:{}'),('j1095usjsbikm8fbjlbek9gb63',1498573307,'__flash|a:0:{}'),('j1vk3g6ipm089evqf6u2v9di83',1496146429,'__flash|a:0:{}'),('j31kvg6ckh3qbjffg7bn610um5',1496146431,'__flash|a:0:{}'),('j3t5g63o6kisou1ip5j3s6i803',1497537806,'__flash|a:0:{}'),('j4ujpqgp6obt748v56ce1l83k0',1496377033,'__flash|a:0:{}'),('j5mo46kb3d471ub4rdldjg23c6',1499231711,'__flash|a:0:{}'),('j6tp4383ochukqnaeiunk2mqp1',1497433203,'__flash|a:0:{}'),('j7lhviia5s28k4cfel30rr7c17',1499469324,'__flash|a:0:{}'),('j8hermufp2klvae7fcp1iu7e86',1499262919,'__flash|a:0:{}'),('j9gkk9p8atnc44mtgvh4sq1cc6',1497427039,'__flash|a:0:{}__id|i:12;'),('jag4l08bcmc6q3hktbg1010ni6',1496767883,'__flash|a:0:{}__id|i:4;'),('jaokg77esgl5tpk5599oq8jp43',1496415777,'__flash|a:0:{}'),('jb3l1fl09s8vrqpo0rkjissep6',1499469330,'__flash|a:0:{}'),('jecsvgh063q55e7ntjqsr3lui6',1496604169,'__flash|a:0:{}'),('jidsigv1nv299iovk49m4m4lg7',1498475726,'__flash|a:0:{}'),('jigfveo4ac10ofsfetd44rf3q7',1497712677,'__flash|a:0:{}'),('jj47h5p1fncqrembsmv6t9gll2',1499159274,'__flash|a:0:{}__id|i:16;'),('jkc8su49he3gr80lmevmvh8ph5',1499026262,'__flash|a:0:{}'),('jlk6qonudsvl2t6lu9s7ltlof4',1497459717,'__flash|a:0:{}yii\\authclient\\clients\\Facebook_facebook_token|O:25:\"yii\\authclient\\OAuthToken\":5:{s:13:\"tokenParamKey\";s:12:\"access_token\";s:19:\"tokenSecretParamKey\";s:18:\"oauth_token_secret\";s:15:\"createTimestamp\";i:1496137172;s:50:\"\0yii\\authclient\\OAuthToken\0_expireDurationParamKey\";s:10:\"expires_in\";s:34:\"\0yii\\authclient\\OAuthToken\0_params\";a:3:{s:12:\"access_token\";s:182:\"EAAbWKU9nx1ABABowkti1t1XlOidnQDe2SEmZCNRbESicvBw53m66iXURm2WJ2ZAWqjEdvzqpQvnCwnADg12Ya5XZBRZBZB2sZCyZAX1QZBXJsRWGxraMxExnyvFTqdzm7hWK9QOKRFsZBVnZAsIrR9VZBgeQMuinrYLhukdfePmu6eXCAZDZD\";s:10:\"token_type\";s:6:\"bearer\";s:10:\"expires_in\";i:5183885;}}__id|i:22;'),('jmqnlg938cb1itr8sii1fdhm92',1499369489,'__flash|a:0:{}'),('jmvib89ut41f1a9mvuifqe2q55',1499469328,'__flash|a:0:{}'),('jn49c7j6g90f6podk9o78iqel0',1497642865,'__flash|a:0:{}'),('jo8tpn116nrfevj6ge5lqa4kd7',1496227583,'__flash|a:0:{}__id|i:15;'),('jp5gl6ejbc8g7t200v4ng6aum3',1497385472,'__flash|a:0:{}'),('jpbjtl8sipvq7huvuks5ijm023',1498418051,'__flash|a:0:{}'),('jq9np20ne7rf0dfimk4kg7msv6',1499469334,'__flash|a:0:{}'),('jqkp30kl3s2htq8truabru8q24',1499535807,'__flash|a:0:{}__id|i:14;'),('jteb8iba0p9jopr6hrnh630bs0',1497145803,'__flash|a:0:{}'),('jtsr2k2mvp6m0qg17grpor1cu0',1496667643,'__flash|a:0:{}yii\\authclient\\clients\\Facebook_facebook_token|O:25:\"yii\\authclient\\OAuthToken\":5:{s:13:\"tokenParamKey\";s:12:\"access_token\";s:19:\"tokenSecretParamKey\";s:18:\"oauth_token_secret\";s:15:\"createTimestamp\";i:1495370160;s:50:\"\0yii\\authclient\\OAuthToken\0_expireDurationParamKey\";s:10:\"expires_in\";s:34:\"\0yii\\authclient\\OAuthToken\0_params\";a:3:{s:12:\"access_token\";s:164:\"EAAbWKU9nx1ABAPGwGK6mJWSfY7s1zSRJ4j6qmvLjwAIHdFzumuOVqvZCwh5TLMgZAtZAhGfILrAaY28llYeEhLoYpxUroILxVpqqCipHgQbo1pZC3n7PaZCUZBJvWDIzfqNUHzELU5KJ4L0KMpF73SIg6OcbUXErMZD\";s:10:\"token_type\";s:6:\"bearer\";s:10:\"expires_in\";i:5184000;}}__id|i:4;'),('ju1om19f545qjbr138pnrtv4e5',1499469331,'__flash|a:0:{}'),('juc631lscfi12ba9gahhv0gjg5',1498276302,'__flash|a:0:{}'),('jupv8qmpia76oe77qoskqtk294',1499469325,'__flash|a:0:{}'),('juqnbr9aoj416hjkqh68dot174',1499234228,'__flash|a:0:{}'),('k0a12a9s07dv7cqfi73724bas5',1498530161,'__flash|a:0:{}'),('k1eup1poth02bt39tvegmn11f1',1498755115,'__flash|a:0:{}'),('k3v4jn8rttbd9poed5g6m337p3',1498276302,'__flash|a:0:{}'),('k5j5dk36rphgkia3ucsm9u67o7',1499491578,'__flash|a:0:{}'),('k6da418pfc4b28o4rjork3kv25',1499469330,'__flash|a:0:{}'),('k6fnblmgvn9650fgg9ceo0ft12',1497339361,'__flash|a:0:{}'),('k9u1s0mk3pringobfaj5kmmrg1',1499297047,'__flash|a:0:{}'),('kah4r25j3ojnbl0cjbpkhpaj21',1497537155,'__flash|a:0:{}'),('kahvdo8c99pebaoph4hjtnvl53',1497811149,'__flash|a:0:{}'),('kb54malvbl808bkjntki69cr45',1496643131,'__flash|a:0:{}'),('kceom0rqvqdgl1ac3meg3s4ht3',1499469326,'__flash|a:0:{}'),('kcq7am04s2qvt8uenej6ia87t4',1498465341,'__flash|a:0:{}__id|i:22;'),('ke0lrl0hgfoahdvs6fsnliq933',1498061309,'__flash|a:0:{}'),('kfbhfmfp4ctev92kqalipp09u6',1497450481,'__flash|a:0:{}yii\\authclient\\clients\\Facebook_facebook_token|O:25:\"yii\\authclient\\OAuthToken\":5:{s:13:\"tokenParamKey\";s:12:\"access_token\";s:19:\"tokenSecretParamKey\";s:18:\"oauth_token_secret\";s:15:\"createTimestamp\";i:1496146927;s:50:\"\0yii\\authclient\\OAuthToken\0_expireDurationParamKey\";s:10:\"expires_in\";s:34:\"\0yii\\authclient\\OAuthToken\0_params\";a:3:{s:12:\"access_token\";s:183:\"EAAbWKU9nx1ABADn6ZBYCdM5eU65ZBM9rkgqZCwyTzSL5s19xItLDPj2zU7B44t6z9dZBIqEU32LMDNxX0xFvgwxfJZAWa5mfZBZCXBEgygG9TZAWh0xuZCSyg5TPBVZAUChL0ZA7eAOfwaycf0bNPpnpWic7iGKwtCXdZCIUH1e4zhu12AZDZD\";s:10:\"token_type\";s:6:\"bearer\";s:10:\"expires_in\";i:5174130;}}__id|i:22;'),('kfmmj1c2log59pu9ajbafa1690',1496146434,'__flash|a:0:{}'),('kgq7fuslgih47htfcie5t9r3g5',1499469329,'__flash|a:0:{}'),('ki58cfuad2t7qi0h9erk2sm254',1496305332,'__flash|a:0:{}'),('kj1ahg232tpoie2aqn3mhdjjk6',1497127139,'__flash|a:0:{}'),('km2625lcpn8viremb95b7igr75',1497625407,'__flash|a:0:{}'),('kml3mrpfs399ddg42lme4k7ri6',1498125315,'__flash|a:0:{}yii\\authclient\\clients\\Facebook_facebook_token|O:25:\"yii\\authclient\\OAuthToken\":5:{s:13:\"tokenParamKey\";s:12:\"access_token\";s:19:\"tokenSecretParamKey\";s:18:\"oauth_token_secret\";s:15:\"createTimestamp\";i:1496829271;s:50:\"\0yii\\authclient\\OAuthToken\0_expireDurationParamKey\";s:10:\"expires_in\";s:34:\"\0yii\\authclient\\OAuthToken\0_params\";a:3:{s:12:\"access_token\";s:176:\"EAAbWKU9nx1ABAEfvBk5fJHl83zLKvYMO6oqJTpk7epCbv8OGy8OngWia88cV9esU1FMRZC2jBpNK2Y37vMHzWd4FzWVa86upwgDP2Uy8sLU7hNoIV2X4DBZBhit7l0ibgD2t6ZCfV1vJEzytppKyzfBn4qBz4qgZA3LbuCPCZBgZDZD\";s:10:\"token_type\";s:6:\"bearer\";s:10:\"expires_in\";i:5184000;}}__id|i:14;'),('kmq1gfehufpikbgs699kh6k4l7',1497521925,'__flash|a:0:{}'),('kn3j0if2v8a443cmuv1amld9g6',1496146432,'__flash|a:0:{}'),('kne3c33v3a56bkuvlv6l7s07h2',1496158215,'__flash|a:0:{}'),('knhc0tq77arkr7h78mnha1a5j2',1498276302,'__flash|a:0:{}'),('ko7btodkoklq1o3alhpi4p26f0',1499469325,'__flash|a:0:{}'),('kojle4k9e80te5l87cer97sde0',1499469325,'__flash|a:0:{}'),('kp7e3igvjl83d8lpnqal2cgk74',1496478870,'__flash|a:0:{}'),('kqms1b4mreife9p30g2t8gm851',1496146436,'__flash|a:0:{}'),('kqmvehebe0q5fhrre74eqbo0q1',1499469325,'__flash|a:0:{}'),('krsoncdnjaavuth8k3n0s65g45',1496146442,'__flash|a:0:{}'),('krttkq2g5hlu4jgckldvegktf6',1499469333,'__flash|a:0:{}'),('ksjf9gg35gkltcricrftbcu9k7',1499469327,'__flash|a:0:{}'),('kskc9tj90eq099am4a1gjt3n06',1496146431,'__flash|a:0:{}'),('kuoefrsv7g36kf401kpi79r9q0',1499469329,'__flash|a:0:{}'),('kup8rpk99t5r0im5633t3guh84',1498738105,'__flash|a:0:{}'),('kvh4vghb1dhku76qjjc9oq1fo6',1497335668,'__flash|a:0:{}'),('l0ne6u5b94dhr3s4ap019hqqc7',1499469328,'__flash|a:0:{}'),('l0o166igf447iif63r4a5b1l17',1498211598,'__flash|a:0:{}yii\\authclient\\clients\\Facebook_facebook_token|O:25:\"yii\\authclient\\OAuthToken\":5:{s:13:\"tokenParamKey\";s:12:\"access_token\";s:19:\"tokenSecretParamKey\";s:18:\"oauth_token_secret\";s:15:\"createTimestamp\";i:1496742573;s:50:\"\0yii\\authclient\\OAuthToken\0_expireDurationParamKey\";s:10:\"expires_in\";s:34:\"\0yii\\authclient\\OAuthToken\0_params\";a:3:{s:12:\"access_token\";s:177:\"EAAbWKU9nx1ABAEGuHBdpsBMdFfeRKXBOiwIfuL1ysyAhbwEEcUG1ZB3rvhGmiT8HE7z9EDNcb6UJUj5WueZA9W58ZBagvhA4ZB2ThSwlCMJcfx5lqKYc133PeLwSVngrpQ1kPRTRII3oK5ZBZCw6Q6FidAjfSrAkQdo2xjBRMUlQZDZD\";s:10:\"token_type\";s:6:\"bearer\";s:10:\"expires_in\";i:5179518;}}__id|i:14;'),('l1i04b7m4can5b88tb7ndsh892',1498469709,'__flash|a:0:{}'),('l1jt6nmbt2u12r1i0j4ce98ih6',1498394878,'__flash|a:0:{}'),('l243013gkonb6kmb4f3h7b90u0',1496146439,'__flash|a:0:{}'),('l36fomgrah1l4j5m5lr1ldchr1',1496233072,'__flash|a:0:{}'),('l4ko5s8pj7o1vi69ik543ivlh7',1496185109,'__flash|a:0:{}'),('l74ac4tahfk2uugrmdao59kjk7',1497507804,'__flash|a:0:{}'),('l7cv2rr5nm7hriehive0oqi4v2',1499528348,'__flash|a:0:{}'),('l8g98mslbgs4buso08kai7rt10',1498769313,'__flash|a:0:{}'),('l8ha3n094lgdru0k6i9usa56q5',1498418054,'__flash|a:0:{}'),('l91sppvlhvo95h654jngtvfep5',1499469332,'__flash|a:0:{}'),('la8efri7e8sdeait1392ajv777',1497712635,'__flash|a:0:{}'),('laae80ri0i8tothf0r7qrpm056',1498818620,'__flash|a:0:{}'),('lfbh145p5gkrqhf8spqqp8jbh7',1497034408,'__flash|a:0:{}'),('lgquq2j0o4587q7o07kd9e3585',1497226992,'__flash|a:0:{}'),('lh98sug8kofqsnj905joj0aes2',1497596292,'__flash|a:0:{}'),('lhldqqnjor383kt848jinipv35',1499325219,'__flash|a:0:{}'),('lhp67ifl08pls49hgbbks1v5r4',1496146433,'__flash|a:0:{}'),('lihb8uhlac6vkj8vcdkplo8vi4',1498017940,'__flash|a:0:{}'),('likso8l2qf7umqb553vqbvoqk1',1496146432,'__flash|a:0:{}'),('liu777rfbiesql62hbvfskpcm6',1496994363,'__flash|a:1:{s:7:\"success\";i:-1;}__returnUrl|s:22:\"/syndicate/join?id=271\";yii\\authclient\\clients\\Facebook_facebook_token|O:25:\"yii\\authclient\\OAuthToken\":5:{s:13:\"tokenParamKey\";s:12:\"access_token\";s:19:\"tokenSecretParamKey\";s:18:\"oauth_token_secret\";s:15:\"createTimestamp\";i:1495644893;s:50:\"\0yii\\authclient\\OAuthToken\0_expireDurationParamKey\";s:10:\"expires_in\";s:34:\"\0yii\\authclient\\OAuthToken\0_params\";a:3:{s:12:\"access_token\";s:176:\"EAAbWKU9nx1ABAN65ErDrOz4LAZCJqP5KcRbh28H9Tted7w7yAKZCvIhowWZCFKZB7QfPWajW2roNAUJ9axftfU3bIuyVrwHX4Cfb72JHBY0tT8XL8JLmV3Yv7axmkAJk5IHRfwbHRRImrrNZAsQKx5B36Gzm7IVukc0J0hwmUoAZDZD\";s:10:\"token_type\";s:6:\"bearer\";s:10:\"expires_in\";i:5183999;}}__id|i:14;success|s:18:\"Sharing successful\";'),('ljlaqhn89em86hhcdf9shestp3',1497542116,'__flash|a:0:{}'),('llj7ctg2nenaks5r6lkpgn0k36',1498669309,'__flash|a:0:{}'),('lnt386kctrp5pfuhl37o95nh96',1498636570,'__flash|a:0:{}yii\\authclient\\clients\\Facebook_facebook_token|O:25:\"yii\\authclient\\OAuthToken\":5:{s:13:\"tokenParamKey\";s:12:\"access_token\";s:19:\"tokenSecretParamKey\";s:18:\"oauth_token_secret\";s:15:\"createTimestamp\";i:1496131089;s:50:\"\0yii\\authclient\\OAuthToken\0_expireDurationParamKey\";s:10:\"expires_in\";s:34:\"\0yii\\authclient\\OAuthToken\0_params\";a:3:{s:12:\"access_token\";s:184:\"EAAbWKU9nx1ABACZAfkf2a5p9zpwAiZAZBZAJZC1y2863Q8xM34ajBBEjR9GY8G8ZBIZCjKJdscAfp9rQ9riGSwPQCUel2RPlOpgWau2oeumj6ARyxMKWr8SPFwtrc9hI0ZAJZCewLOIQZBA51S9oVZAlOUZCrZAcS4JxDOkFz4Ingqf6cEgZDZD\";s:10:\"token_type\";s:6:\"bearer\";s:10:\"expires_in\";i:5184000;}}__id|i:16;'),('lq2vcqejiopf7aggv6hcpdtl83',1498398274,'__flash|a:0:{}'),('lqck0uja99l7bkhr7g5m9736s3',1496666109,'__flash|a:0:{}'),('ltdgrr5erquh7upu73rvgvrr25',1499469333,'__flash|a:0:{}'),('lu22vnjas6t5ddn9lmlfmgk520',1499469324,'__flash|a:0:{}'),('lv0khg2nghf9so79uqo8d9fja5',1499469332,'__flash|a:0:{}'),('lv645ap8vmfcp50nc7os3te6b3',1497522737,'__flash|a:0:{}'),('m1st4dlhjrq2qjpafrsprup9q1',1499469330,'__flash|a:0:{}'),('m29dndk2e19i399thsgfbmcr86',1496146441,'__flash|a:0:{}'),('m31843m4pv68u8k9rk5uulssp3',1496411095,'__flash|a:0:{}'),('m33i2tfcli53thc6lle87blas0',1496343337,'__flash|a:0:{}'),('m38oi41fv62hl267dkfin956b3',1498730341,'__flash|a:0:{}'),('m3u4n7ccvfa01rqji014khh4s1',1498593678,'__flash|a:0:{}'),('m87f2tdhi6l89jlm28e8tff755',1496582532,'__flash|a:0:{}'),('m8quesqddu76t4l650qre5ncp5',1497137687,'__flash|a:0:{}'),('mbnot8uu5pnpag1lbvaq1u1lb5',1497779993,'__flash|a:0:{}'),('mbqafo77ejuruovn1ub1sjf9u1',1499469324,'__flash|a:0:{}'),('mdmcr9redj36gjp7gkkvmaub54',1499469329,'__flash|a:0:{}'),('mhqhsud65h8b369sb1a4b63o77',1497073750,'__flash|a:0:{}'),('mi2q6ei49vlmcddt5bd59mqrp7',1499469326,'__flash|a:0:{}'),('mjsc26sdmoeqil23g6aag3dpl1',1497548650,'__flash|a:0:{}'),('mk2ja66781gubc15tj6d7pl0l5',1496146431,'__flash|a:0:{}'),('mm1nt3khccv2ri7m9ef49m8g13',1499469332,'__flash|a:0:{}'),('mma2p4ld0vblcfjj4u1oc00l94',1499013062,'__flash|a:0:{}'),('mn0465ivd2op9sa7juh7ei0fd5',1498569804,'__flash|a:0:{}'),('mn3efndd6qtm9ng7a98k59eil7',1499012880,'__flash|a:0:{}'),('mqoai1csrh2daka8ovviu27775',1499369488,'__flash|a:0:{}'),('mr34d7u15r73b1irolgl1fit70',1498596302,'__flash|a:0:{}'),('mrb9orbfglufmr5p1clakifel4',1499469333,'__flash|a:0:{}'),('ms7fuqhqmmukropqdiicr1v3g7',1497034408,'__flash|a:0:{}'),('msff3eisedoo203j585ud9h2c1',1499469325,'__flash|a:0:{}'),('n058gsaakeq29nqmqk19cuhe94',1496572372,'__flash|a:0:{}__returnUrl|s:43:\"/basket/confirm-purchase?transaction_id=354\";'),('n0k8mtungo3t1fn06bva3oes67',1498643756,'__flash|a:0:{}'),('n183ut44941t69h4bqds9j8nf4',1498551635,'__flash|a:0:{}'),('n31mn17910etghi6hngms236s4',1497348717,'__flash|a:0:{}'),('n3vuq76b9gsamtuushuvkjkp27',1497130560,'__flash|a:0:{}'),('n5bl9kf7t70t1k9t6119c32da1',1498469712,'__flash|a:0:{}'),('n5l619g7djvbq9rseuls4165f1',1498310730,'__flash|a:0:{}'),('n6rco3nhqvi9n8op1lki5dgmv5',1496211714,'__flash|a:0:{}'),('n77sblun764j1rckgsu6iurus5',1496410140,'__flash|a:0:{}'),('n7b8hm1v68gakpa5ougmv059e5',1496146434,'__flash|a:0:{}'),('n8j9uek5sh4tcqi0e3anhbgn67',1499330407,'__flash|a:0:{}'),('n99r37rhjdf33vdu7rpr82nvq7',1497226993,'__flash|a:0:{}'),('nbcuielph3411qgmudhjocjq82',1498161297,'__flash|a:0:{}'),('ne6mrd4idl14jrvvv2n3cni6c7',1498301353,'__flash|a:0:{}'),('ne812ftabhp0tcq49goj2ojj83',1498081356,'__flash|a:0:{}'),('nf46aiu15phmmma2cpeoq27j71',1497441148,'__flash|a:0:{}'),('nfiie38minjfgvonrmh0cana45',1499469330,'__flash|a:0:{}'),('ngfik292ja74maps5suslemu83',1497034453,'__flash|a:0:{}'),('ngip88gbov77pkme4uap68eba6',1496146441,'__flash|a:0:{}'),('nhljq8n2odaqqjurbsne73eig6',1499469327,'__flash|a:0:{}'),('ni40jqhpi4bq2l93rctk64m1r3',1497537809,'__flash|a:0:{}'),('niuujktc12v0n3p4utgio1r0k7',1497348713,'__flash|a:0:{}'),('nj20p6i5m98crhdn10q5eouf20',1499469333,'__flash|a:0:{}'),('njgl20moln3jv847h62dql3uv7',1496157834,'__flash|a:0:{}'),('nl2fkomlqq7dijr5r0tdt1jr52',1499469329,'__flash|a:0:{}'),('nlceohi0bf9ok2ngfnvbqv33t1',1499469325,'__flash|a:0:{}'),('nldvvcrsdin8j6bq1biorl79u2',1496939549,'__flash|a:0:{}'),('nlt0c23h6pftcjja7f532ludd1',1499469333,'__flash|a:0:{}'),('nmfe3rjt4c44c4gkk0dk1qb5q0',1496146433,'__flash|a:0:{}'),('nmnup0pu9m0i6ncp1mavfk0cc0',1496410238,'__flash|a:0:{}'),('nmtlep29vidcjhaggi57gf16h0',1497918866,'__flash|a:0:{}'),('npu1cvnej46v1b0be8ceod4om6',1499012705,'__flash|a:0:{}'),('nr0d7ma7japaff7kjpjflg74s2',1498276302,'__flash|a:0:{}'),('nrtjfn7eu2m6vogp5uohlf12c3',1499370336,'__flash|a:0:{}'),('ns3b6uiepdt5fd12isve2laho6',1497286221,'__flash|a:0:{}'),('nun970d6m3vhgtasvb6m8mtsc4',1496677030,'__flash|a:0:{}'),('nuvrbahopcaqid18n3baoa4nn5',1496146435,'__flash|a:0:{}'),('nvhmalri4u245bvaldjosrdu90',1499469326,'__flash|a:0:{}'),('nvrd052idcbs8bl0le1chkltg0',1499330539,'__flash|a:0:{}'),('o0pntua2933hcrbo0m2ooadu82',1499545803,'__flash|a:0:{}'),('o1c79n1sopfle6c9rmps22qlh4',1498979627,'__flash|a:0:{}'),('o2bvinhj2nbmuqh4h81tpp7ll7',1499013133,'__flash|a:0:{}'),('o30e38g0o9pdg4salqutn06203',1497522721,'__flash|a:0:{}'),('o3qt1pjp1ltoh0vl89vdamksl1',1497226993,'__flash|a:0:{}'),('o656tktnmgpmokl7p8anb2mfp2',1496146438,'__flash|a:0:{}'),('o89debd8h304iib5q4rqo7kpu7',1496572373,'__flash|a:0:{}'),('o8h80qvu0g2v6nglnu9lg5to25',1496146432,'__flash|a:0:{}'),('o8oto46c69olg92kibmm1ngkb1',1496001676,'__flash|a:0:{}'),('o9rt6ncm7spa4bupg1m22bt1f7',1497811147,'__flash|a:0:{}'),('oa26v0goesfvid3fq0kole6hs5',1497301609,'__flash|a:0:{}'),('oc0qjkgfkk4lpkcro700l6eam0',1497807659,'__flash|a:0:{}'),('oci33pef28kdjkke9aousee294',1499469331,'__flash|a:0:{}'),('ocu5uget14rqhemplevrls62i7',1497521925,'__flash|a:0:{}'),('of7878hf5kee2e29562ca8h535',1499469327,'__flash|a:0:{}'),('ofi2slrsqcfeu0ng8sie9aprs7',1496156303,'__flash|a:0:{}'),('ofkj1taqbbu8ed7l23bi2u8sj5',1496146439,'__flash|a:0:{}'),('ogv7unol2t3ep9rg6atiddijp1',1496146442,'__flash|a:0:{}'),('oiifo36763lnc6i053n3o1p4d1',1497443167,'__flash|a:0:{}'),('oing8vojpodicead5rb87lgco6',1497537155,'__flash|a:0:{}'),('ojhjbd9l4fhp4ej7nmgt1ukq60',1497537587,'__flash|a:0:{}__returnUrl|s:22:\"/syndicate/choose-game\";'),('okfm1ljbn1aehsf098usvv5nt5',1498901677,'__flash|a:0:{}'),('ol3gq6n7qksaicdsrca4pj1as5',1496146436,'__flash|a:0:{}'),('om0f76ic2eg7djbo90q8gohpk5',1496305332,'__flash|a:0:{}'),('omt83fhv6ssmcssf3jq4la8b07',1499469327,'__flash|a:0:{}'),('on9hb35rjm5o16rf11aof6cf20',1497403497,'__flash|a:0:{}'),('orda14itfvb7ftgas5p7135ar6',1496667756,'__flash|a:0:{}'),('orr0o199h8ou31ajjdpkns8jf4',1498469714,'__flash|a:0:{}'),('ot0uqtsv2o8l9v83jico503nk5',1497541423,'__flash|a:0:{}'),('ovhibe79pnfq39d9jislu5eh13',1499353525,'__flash|a:0:{}'),('p038e40uhl18qm33g73f9l83o2',1499469333,'__flash|a:0:{}'),('p3nu3avr74id3hf7mli1vfct53',1498905850,'__flash|a:0:{}__id|i:22;'),('p42fe39r7gdgmi60m1pn3l2gk1',1499201145,'__flash|a:0:{}yii\\authclient\\clients\\Facebook_facebook_token|O:25:\"yii\\authclient\\OAuthToken\":5:{s:13:\"tokenParamKey\";s:12:\"access_token\";s:19:\"tokenSecretParamKey\";s:18:\"oauth_token_secret\";s:15:\"createTimestamp\";i:1497717122;s:50:\"\0yii\\authclient\\OAuthToken\0_expireDurationParamKey\";s:10:\"expires_in\";s:34:\"\0yii\\authclient\\OAuthToken\0_params\";a:3:{s:12:\"access_token\";s:183:\"EAAbWKU9nx1ABADldQ2XSySqXhjAl06BVt9xxe9AmiMPv2fZBliZArDAFm1PBMI4V3NL1GQaWf4r1tNDRyNN45j22caPYsHZCsLK3VUBA4ZAJyndnZBn0aZA2RPHVdyygUE8rZCZAyB2ofLiqZBeYZA05btPpPA9zLP1VJSZBIBgxvZBsLgZDZD\";s:10:\"token_type\";s:6:\"bearer\";s:10:\"expires_in\";i:5184000;}}__id|i:8;'),('p6he3go8du81hnj78elvsubn67',1496656923,'__flash|a:0:{}'),('p8a1mivblifhfc7gp7ncs4llm3',1496146430,'__flash|a:0:{}'),('pbr2edmm19v8l715rfq71osud6',1496146430,'__flash|a:0:{}'),('pcc9te65oiqdirskpd1tralpf0',1497600952,'__flash|a:0:{}'),('pcvmstagei7o63tat41uqdu4d1',1496227155,'__flash|a:0:{}__captcha/site/captcha|s:6:\"mannwu\";__captcha/site/captchacount|i:1;__returnUrl|s:37:\"/syndicate/create?game_id=1&draw_id=1\";'),('piagk63sps5e4v1lkrvaugs671',1499469327,'__flash|a:0:{}'),('pj1lb6kq5iol1q0lohvusmc7o0',1497565876,'__flash|a:0:{}'),('pjdsp06vm9mrrk0u7u8q37b1m7',1496141711,'__flash|a:0:{}'),('pkdkrfghpv21mu7hpgn2pb92r3',1499138131,'__flash|a:0:{}'),('plmrvmn6hsfguf9cac9uu97133',1497292451,'__flash|a:0:{}'),('pmd2mtcsfntl62vi765vag45l5',1497830712,'__flash|a:0:{}'),('pmeeraomd823ki14pfmmp80170',1499051162,'__flash|a:0:{}'),('pors0cqbgi40pk8jp61afpelm6',1496590882,'__flash|a:0:{}'),('pqjfs7bfn66t76qpttgl3jek86',1496038803,'__flash|a:0:{}'),('ptdcqd5cv58m6ra5glr7t97b04',1497476156,'__flash|a:0:{}'),('pu4mirveap58hvigdvf96qepi1',1497625404,'__flash|a:0:{}'),('pudk1ud51th9q2efslc30c0956',1496146430,'__flash|a:0:{}'),('puretah5b1ui34ofkaeanrofd6',1497348745,'__flash|a:0:{}'),('q0tcqkqre5l8rhvv4u39q1mv02',1498476149,'__flash|a:0:{}'),('q1ia7cm3elne67grknag3rqf22',1497978721,'__flash|a:0:{}'),('q24mt6h3qd7748caa1r22kl293',1498579032,'__flash|a:0:{}yii\\authclient\\clients\\Facebook_facebook_token|O:25:\"yii\\authclient\\OAuthToken\":5:{s:13:\"tokenParamKey\";s:12:\"access_token\";s:19:\"tokenSecretParamKey\";s:18:\"oauth_token_secret\";s:15:\"createTimestamp\";i:1497280005;s:50:\"\0yii\\authclient\\OAuthToken\0_expireDurationParamKey\";s:10:\"expires_in\";s:34:\"\0yii\\authclient\\OAuthToken\0_params\";a:3:{s:12:\"access_token\";s:179:\"EAAbWKU9nx1ABAD8uuoXCiueD3VM6Q2ZAHv0BGGE5C1ouKSteiO3HZC1ZBSaFVNkLei9pDZABKIaYeLjMPaVOKfBGCUX9zvA1WZAtxNYGpeFyIZBgFfzTIAK1lrOMrv9VBO3kDPdzXzsivupgjwDW5T8wWDevOCRalEZBZCMG28BJeAZDZD\";s:10:\"token_type\";s:6:\"bearer\";s:10:\"expires_in\";i:5184000;}}__id|i:22;'),('q2obh5cotg9uo3fqs5ngp4san1',1497625407,'__flash|a:0:{}'),('q44moctkm9jbjdp0153mn5ca56',1498659725,'__flash|a:0:{}'),('q4pnsc180se2c6og4scvp14gs2',1498353030,'__flash|a:0:{}'),('q637k71llsbk94m921kd3ub1b6',1498784027,'__flash|a:0:{}'),('q6agrjlqtfuqquigqhk59pplh5',1496219689,'__flash|a:0:{}__id|i:12;'),('q789549vhs8q1ves3aj0sinrh5',1496210924,'__flash|a:0:{}'),('q80dtqdes8nvk07icigtshis47',1498939717,'__flash|a:0:{}'),('q8eqedk4qhmkc1ivp22vrqire1',1496152611,'__flash|a:0:{}'),('q8kml0osqmcgr8r1i6g4rh6ah4',1498558774,'__flash|a:0:{}'),('qc5lgcn7gm9o6ec3uctcol8fj1',1496406099,'__flash|a:0:{}'),('qd4as11e7k62323hprnv8olqd5',1499469326,'__flash|a:0:{}'),('qdd8c6edja404d7v42mmhnanf2',1498569795,'__flash|a:0:{}'),('qhb5s96h6ent8skc900a9q98t7',1496210923,'__flash|a:0:{}'),('qhckautp8bcf5sbedtcmjr4dn4',1499012880,'__flash|a:0:{}'),('qhvtd1tnm0ii7o3r9rt6k8gg06',1499054262,'__flash|a:0:{}'),('qieetre9bcc70i20eunsdqg0m0',1499417812,'__flash|a:0:{}'),('qnvirrnuvshut6kclpmqvgsku7',1499469333,'__flash|a:0:{}'),('qo4b6kasmq4afbvk4ng7tp7rf7',1498533372,'__flash|a:0:{}'),('qpctfm2og1man5lepkmol679q7',1497298451,'__flash|a:0:{}'),('qph695r2l69fs9tbotc263m9t7',1498155274,'__flash|a:0:{}'),('qqu2k5kgfqbo905avcrilkh5k2',1499013133,'__flash|a:0:{}'),('qr2c09qrdii4amv7bvdufu17c7',1496216582,'__flash|a:0:{}__id|i:12;'),('qr8tcga2avp0219hq9v6apgmh1',1498276302,'__flash|a:0:{}'),('qrhtj7860b2fgn7g57puj5egd0',1498476152,'__flash|a:0:{}'),('qu8vcqvbo6eh2gure8qhncus37',1496169158,'__flash|a:0:{}'),('quim6amfo27kps4im8on3usal5',1498476149,'__flash|a:0:{}'),('qve5rdbdad0s1uncokb4d692f4',1499469328,'__flash|a:0:{}'),('r02dnltersfu2su8c8k3bdrm72',1499330389,'__flash|a:0:{}'),('r15lb9ok0dsppu3pkrmuk9r7o3',1496619122,'__flash|a:0:{}'),('r1rkno8hen490c3o5k6g2d6ha7',1498798493,'__flash|a:0:{}'),('r3g59vsa0dnq9jlc4mg6p4qfp7',1497525551,'__flash|a:0:{}'),('r3k3deolbv7p6vtomhubaslgr3',1499469326,'__flash|a:0:{}'),('r49ko268stbfa3rd453j2itth5',1498755114,'__flash|a:0:{}'),('r5mqoqpucp9j7mjpnh0votfb97',1498818606,'__flash|a:0:{}'),('r5pshdp48h72irdulgt1ldj2i0',1496061091,'__flash|a:0:{}'),('r6beth7mjlp5hq2u912j4fjt76',1498818623,'__flash|a:0:{}'),('r6thdvnmt4cu1c3btev0h0osd3',1496146434,'__flash|a:0:{}'),('r8crtna8t05pob5oqlgct5u3v7',1498503714,'__flash|a:0:{}'),('r9emlajiujhd80vuuil2e03mg0',1498418054,'__flash|a:0:{}'),('r9unbt76hm5bn7fb35839ic7r7',1497541489,'__flash|a:0:{}'),('rai0okkmbl51n7qrnsipv4ht85',1497384514,'__flash|a:0:{}yii\\authclient\\clients\\Facebook_facebook_token|O:25:\"yii\\authclient\\OAuthToken\":5:{s:13:\"tokenParamKey\";s:12:\"access_token\";s:19:\"tokenSecretParamKey\";s:18:\"oauth_token_secret\";s:15:\"createTimestamp\";i:1496058740;s:50:\"\0yii\\authclient\\OAuthToken\0_expireDurationParamKey\";s:10:\"expires_in\";s:34:\"\0yii\\authclient\\OAuthToken\0_params\";a:3:{s:12:\"access_token\";s:175:\"EAAbWKU9nx1ABAIqrEQJgiMM9FSAb5bXJXhR38r78JyMtsg2fFcLYxXr3Vwx0yPLtZCWIoBCKQ3KrHOeAxVB8DxVmJ45Qm5ikJ1V0wZANAuCZB6o7BU2WzkUu6hv5SLSQfY93uoNtV6PZCVSK75Yx4Cmhn4X7kCHAwdsT3JKvXgZDZD\";s:10:\"token_type\";s:6:\"bearer\";s:10:\"expires_in\";i:5184000;}}__id|i:12;'),('rb1jh9m6kki0vamco8612s5ju5',1497526951,'__flash|a:0:{}'),('rbnc08ak70hv5pof5itno2b2e0',1498526552,'__flash|a:0:{}'),('rg1ffpf7nulgjv5l1hb642hkr2',1496146440,'__flash|a:0:{}'),('rg8riqae22t35imnra8bvv4vt0',1499052505,'__flash|a:0:{}'),('rgfpjapke2jr6msio5d4g83cm4',1496146430,'__flash|a:0:{}'),('rhqoa7k7g8eccqjd9hq4937hm0',1499469331,'__flash|a:0:{}'),('rihs5h74s8k3mp6fv1s20have2',1499469331,'__flash|a:0:{}'),('rli8s7h078mkore5pv7tv1kjn5',1497537155,'__flash|a:0:{}'),('rnsrjnpje5mkd5obu82bmtohs1',1498213316,'__flash|a:0:{}'),('rnv5eb3i1sgbfokjv8ba8pbgu7',1496146430,'__flash|a:0:{}'),('ro5caeog7e73vpojj4barhs2b0',1496227177,'__flash|a:0:{}'),('rpmfa2sk6ghr1o3kjnteju0rj5',1498818610,'__flash|a:0:{}'),('rqd7pk90hfp1tvjmla87vg26m1',1496677027,'__flash|a:0:{}'),('rrg22dg48r1vfcksbhsnd27ap5',1496103290,'__flash|a:0:{}'),('rri5mk2n87j15k38cv3s7avqm2',1496000774,'__flash|a:0:{}'),('rsbvrc07co8661ni290tl8mv53',1496146430,'__flash|a:0:{}'),('rt2q9c7ds4rdmtmi4d03n187f0',1496474621,'__flash|a:0:{}'),('rtus9coe9h0use1elotfmtiup0',1496146438,'__flash|a:0:{}'),('rvaosv14efoiko17ht5e412ir5',1498872631,'__flash|a:0:{}'),('s0jp6n1tj4snksep8o02ucpm70',1496635128,'__flash|a:0:{}'),('s17988fdqjhqcis85368a22ir5',1498530160,'__flash|a:0:{}'),('s4ltio7ndq9n9i5h3dugfjn1f4',1499469326,'__flash|a:0:{}'),('s4mj4iqnqk05bq0a66tslvlfc7',1497537809,'__flash|a:0:{}'),('s5fk8qcdk6so19fminrf1bkps1',1497751650,'__flash|a:0:{}'),('s6736pq329buraliod1pmjis46',1499489578,'__flash|a:0:{}'),('s8bk2nfvtlpubjo0p1vdfsr9o6',1497298451,'__flash|a:0:{}'),('s8il17oob9lkk1cnk44ge8cnm5',1499015213,'__flash|a:0:{}'),('s91ir97s0upatfgajkaep49mv5',1497443163,'__flash|a:0:{}'),('sap43qogs6po13rvf2tidtmjh0',1498045163,'__flash|a:0:{}'),('sbbu40vbkthvseok5lnha8hcg5',1497314290,'__flash|a:0:{}'),('sbqvrv638p0a0isvmffmg7o002',1499201137,'__flash|a:0:{}'),('sd04jsg1cjs518s1m4269umgv3',1496410113,'__flash|a:0:{}'),('se4b5pn2fqbfghkfoii17vog04',1496146438,'__flash|a:0:{}'),('sfc8qhpqblumecgovsedeu3i50',1499117784,'__flash|a:0:{}'),('shp8uabffqcjb5036dnks102d5',1499152469,'__flash|a:0:{}'),('sidhcua55s3k5tmgd3vdcd4a32',1496674374,'__flash|a:0:{}'),('sjsr8f5e7nk3cm081pblkse952',1497712636,'__flash|a:0:{}'),('skk6tkp91rgp88p9vjervpr515',1497782122,'__flash|a:0:{}'),('soou5j01cde41d4g7qbjd7nql6',1496410237,'__flash|a:0:{}__returnUrl|s:13:\"/brand/update\";'),('sp23p8oesvsj519is78rqf8012',1499012738,'__flash|a:0:{}'),('sr10kgkd1548vvgss78ms9rm12',1497536976,'__flash|a:0:{}'),('su3ki9pnhife0hdb9q2t84elp4',1498301353,'__flash|a:0:{}'),('suom3vf9ojq2j0pjoftad93487',1496558572,'__flash|a:0:{}'),('t0ulgm7oe3kr2fi8hf4faqkc17',1498638731,'__flash|a:0:{}'),('t14bmnb4k5pj1jr6l39rn13md5',1497529699,'__flash|a:0:{}'),('t1o9tclo2volj1glteatm8jpq6',1499440955,'__flash|a:0:{}'),('t51cvi3mg0qldmk2il4fri0fk6',1499198046,'__flash|a:0:{}'),('t5kit42cd38mmt58a07f6sksf2',1497602771,'__flash|a:0:{}'),('t5m3ol18haj47h0hvvc2tr5iv0',1497707085,'__flash|a:0:{}'),('t5vp0itnf5ghgii42183e5kjf2',1498653998,'__flash|a:0:{}'),('t8903evg4v49mt7vhpshnibbg3',1496091103,'__flash|a:0:{}'),('tbnsmljsrn5dru4ph33v3ta085',1498477705,'__flash|a:0:{}'),('tc0johqpl4ptdt3lg7ndcefse7',1498802182,'__flash|a:0:{}'),('tcciqj541179qfthc7f86fhjc3',1497057157,'__flash|a:0:{}'),('tctulrvkpepuvsic09pbbuk8s0',1499469330,'__flash|a:0:{}'),('tdm37q6ice9ccngnvmh8j9i6p6',1498418050,'__flash|a:0:{}'),('tdmue5ghs4u0i4nf9rqo3gi4a4',1498198214,'__flash|a:0:{}'),('tfddtbk1ukbuu8stc4grpk2tu0',1499469328,'__flash|a:0:{}'),('tgmdkh67istngc4hjo6bfanc27',1498818623,'__flash|a:0:{}'),('ti8n4a8efovrdevcou9uqkgfu1',1498818610,'__flash|a:0:{}'),('tji3duea8u5ltjioos7vst4rv1',1496415454,'__flash|a:0:{}__returnUrl|s:37:\"/syndicate/create?game_id=1&draw_id=1\";'),('tkvvn90bijpr571pd2q8rse390',1499323557,'__flash|a:0:{}'),('tn8trrgrpeftf5k08sv8qanaj0',1496504914,'__flash|a:0:{}'),('to2ckbujpglp2n1d0l3lq1aqt7',1499354469,'__flash|a:0:{}'),('tojomroivk3gk1428216jkg1n7',1499356219,'__flash|a:0:{}'),('tq296aonfv26grtdc01823f9u3',1498418060,'__flash|a:0:{}'),('trn130nls9gbprsbs6hbh07mu4',1499469327,'__flash|a:0:{}'),('trpv4f57s67r5l9li7tisgmtb0',1497348665,'__flash|a:0:{}'),('trsauk94nbn29csbi02fc9rlu2',1498818609,'__flash|a:0:{}'),('trtf1k8siu7go5cms5not5civ2',1497888702,'__flash|a:0:{}'),('tsgfef6u02kd8dvlvf5tnscik2',1498418065,'__flash|a:0:{}'),('tsnrhog335tomest94ts2ort05',1499262312,'__flash|a:0:{}'),('tt52e59n1halrjmmerb6odkt30',1496146434,'__flash|a:0:{}'),('ttgvbc2r3526940g413vp09eh6',1496169159,'__flash|a:0:{}'),('u0i2tb4ekc1g7lo1605iosl4n4',1496408026,'__flash|a:0:{}'),('u40h6as2q4gg73unhgkprkioa2',1499469325,'__flash|a:0:{}'),('u4mn2a9sd3tsbot6anr7n0nid4',1497537151,'__flash|a:0:{}'),('u54ge9e14cej70c6gn5gcte633',1499364664,'__flash|a:0:{}'),('u5bpf15feamq3l7lee2d3vgqg6',1496405213,'__flash|a:0:{}'),('u6nru5p9bqsdnfnmv2jvhvv8k3',1498276302,'__flash|a:0:{}'),('u72e1sosiuso33dgb5nuv136v4',1497970297,'__flash|a:0:{}'),('u7gb7laam6nr1hr0be4rs3bb07',1498320597,'__flash|a:0:{}'),('udpca09ulq1hp20op35kpsuu96',1498817529,'__flash|a:0:{}'),('udqb5tv65c73a8pp5uu7vb43n6',1497441160,'__flash|a:0:{}'),('ug4juahteej1da183j3hlslds2',1496152990,'__flash|a:0:{}'),('ughl5tgqd28lfmtq4uvb9o5j92',1496146429,'__flash|a:0:{}'),('ugmsa6cun8rm93oipp3e41uoi4',1497537151,'__flash|a:0:{}'),('uh9t6rthd4a5ub02413es2m5d4',1499021117,'__flash|a:0:{}'),('ui4mt19srap52qfpbknik39db0',1498050954,'__flash|a:0:{}'),('uk7ds0h42i96lpmv07h0q0mk90',1499469330,'__flash|a:0:{}'),('ulo3icq9cvbk2rtqououmce2p1',1499507854,'__flash|a:0:{}'),('uloff4eu164p35ree31d3utn35',1497677888,'__flash|a:0:{}'),('ulpokp96ceci18t3d7r11nk8a4',1498438863,'__flash|a:0:{}'),('umietglo4s4dksr4d8pqo499k3',1499469324,'__flash|a:0:{}'),('un83dqn2lqqpe7gb1365uqv336',1499013141,'__flash|a:0:{}'),('unmq4n7mfcqmfjmmfgmtt0clh7',1496146439,'__flash|a:0:{}'),('uo29alk5ttu6ilv2qqj8i95v67',1499013052,'__flash|a:0:{}'),('uogb2fv6n33nlfe6jph7n14ub7',1498469712,'__flash|a:0:{}'),('uokj1haa754r58jvat71fj3id3',1497571560,'__flash|a:0:{}'),('up5fjd41p5v2iiu3emmlb63o46',1499201138,'__flash|a:0:{}'),('upi0bv7f2tu5llkc0cuj6j59c4',1498070891,'__flash|a:0:{}'),('uqht7vn8mqndqpdi89nfng9jh6',1498801941,'__flash|a:0:{}'),('uqjfhiho6jjcl3iasujhuciu90',1497712618,'__flash|a:0:{}'),('uumf0tg1eg6jsb6srp96s232n4',1497712499,'__flash|a:0:{}'),('v01llng8ofkfd9kd1or0r2np43',1496666140,'__flash|a:0:{}'),('v01s0jg4g3v73ght4eikcv4po5',1496146440,'__flash|a:0:{}'),('v03ngmona2jokrr9llmco6ume4',1497625406,'__flash|a:0:{}'),('v343hs82r986sbrbpjrsimtvt1',1499139473,'__flash|a:0:{}'),('v3m3nds22451kr18lr05vb7315',1498320598,'__flash|a:0:{}'),('v48pqrctoalq1fqe1ovb2jgfk3',1499012895,'__flash|a:0:{}'),('v4ch2u7hnu1r4ugt8jnm8cvca6',1497342939,'__flash|a:0:{}'),('v5iv4nhunfuq3kdrbbsa5e0a44',1496166047,'__flash|a:0:{}__returnUrl|s:37:\"/syndicate/create?game_id=1&draw_id=1\";'),('v6k8q3qnekie02d1l9o3s9u4d0',1499469328,'__flash|a:0:{}'),('v8lbi3n3fijd6sr5ej7lfp24b7',1498161298,'__flash|a:0:{}'),('v8v2fjf1t0fsd0eetakvoucmu6',1496146442,'__flash|a:0:{}'),('vdeqaks7ple4puk1jvq2chl4n6',1496018679,'__flash|a:0:{}'),('vdgvldutnia6hlkg8tk2i16kr2',1498461569,'__flash|a:0:{}'),('vi9cep5sgb1q8n864ea9b4mvk4',1496146429,'__flash|a:0:{}'),('vmjtpnji4kufbgvh2hh73m98b5',1496585110,'__flash|a:0:{}'),('vpdfm8jj6hd6fuhtjkrri2dvh6',1499469330,'__flash|a:0:{}'),('vpemnt7c90js6enio7tlak7dt2',1496001678,'__flash|a:0:{}'),('vu6u4ktnkho7if2i5hv4nvvrd7',1499302519,'__flash|a:0:{}'),('vvbfdbs2mkevo927gdej34ko36',1496354663,'__flash|a:0:{}'),('vvqi294jcl9evp7eth36h91286',1499469332,'__flash|a:0:{}');
/*!40000 ALTER TABLE `session` ENABLE KEYS */;
UNLOCK TABLES;

--
-- Table structure for table `signup_method`
--

DROP TABLE IF EXISTS `signup_method`;
/*!40101 SET @saved_cs_client     = @@character_set_client */;
/*!40101 SET character_set_client = utf8 */;
CREATE TABLE `signup_method` (
  `id` int(11) NOT NULL AUTO_INCREMENT,
  `name` varchar(50) DEFAULT NULL,
  `is_social_media` tinyint(4) DEFAULT NULL,
  PRIMARY KEY (`id`)
) ENGINE=InnoDB DEFAULT CHARSET=latin1;
/*!40101 SET character_set_client = @saved_cs_client */;

--
-- Dumping data for table `signup_method`
--

LOCK TABLES `signup_method` WRITE;
/*!40000 ALTER TABLE `signup_method` DISABLE KEYS */;
/*!40000 ALTER TABLE `signup_method` ENABLE KEYS */;
UNLOCK TABLES;

--
-- Table structure for table `social_account`
--

DROP TABLE IF EXISTS `social_account`;
/*!40101 SET @saved_cs_client     = @@character_set_client */;
/*!40101 SET character_set_client = utf8 */;
CREATE TABLE `social_account` (
  `id` int(11) NOT NULL AUTO_INCREMENT,
  `user_id` int(11) DEFAULT NULL,
  `provider` varchar(255) COLLATE utf8_unicode_ci NOT NULL,
  `client_id` varchar(255) COLLATE utf8_unicode_ci NOT NULL,
  `data` text COLLATE utf8_unicode_ci,
  `code` varchar(32) COLLATE utf8_unicode_ci DEFAULT NULL,
  `created_at` int(11) DEFAULT NULL,
  `email` varchar(255) COLLATE utf8_unicode_ci DEFAULT NULL,
  `username` varchar(255) COLLATE utf8_unicode_ci DEFAULT NULL,
  PRIMARY KEY (`id`),
  UNIQUE KEY `account_unique` (`provider`,`client_id`),
  UNIQUE KEY `account_unique_code` (`code`),
  KEY `fk_user_account` (`user_id`),
  CONSTRAINT `fk_user_account` FOREIGN KEY (`user_id`) REFERENCES `user` (`id`) ON DELETE CASCADE
) ENGINE=InnoDB AUTO_INCREMENT=20 DEFAULT CHARSET=utf8 COLLATE=utf8_unicode_ci;
/*!40101 SET character_set_client = @saved_cs_client */;

--
-- Dumping data for table `social_account`
--

LOCK TABLES `social_account` WRITE;
/*!40000 ALTER TABLE `social_account` DISABLE KEYS */;
INSERT INTO `social_account` VALUES (3,4,'facebook','10155207458061757','{\"name\":\"Gary Fox\",\"email\":\"facebook@felders.co.uk\",\"first_name\":\"Gary\",\"last_name\":\"Fox\",\"picture\":{\"data\":{\"height\":320,\"is_silhouette\":false,\"url\":\"https://scontent.xx.fbcdn.net/v/t1.0-1/s320x320/15349715_10154848545531757_4234778649887853950_n.jpg?oh=8080be214786329c61068f5d0475da7b&oe=5999B379\",\"width\":311}},\"friends\":{\"data\":[{\"name\":\"Benas Paulikas\",\"id\":\"1446577762058932\"}],\"paging\":{\"cursors\":{\"before\":\"QVFIUmt5ejZAZAUXN4R25qcFNHLU13QnlwOGJDVE0xbjdEUV9hZAkRzcEFldjFiT2p5ZATdQNFpvUDBaNWVwT181NDJLT1l1dktGMEh0SlFCZAW5TaUM1UnZA0dWhR\",\"after\":\"QVFIUmt5ejZAZAUXN4R25qcFNHLU13QnlwOGJDVE0xbjdEUV9hZAkRzcEFldjFiT2p5ZATdQNFpvUDBaNWVwT181NDJLT1l1dktGMEh0SlFCZAW5TaUM1UnZA0dWhR\"}},\"summary\":{\"total_count\":590}},\"id\":\"10155207458061757\"}',NULL,NULL,NULL,NULL),(4,5,'facebook','10155256213804766','{\"name\":\"Rachel Montague\",\"email\":\"montaguerachel@hotmail.com\",\"first_name\":\"Rachel\",\"last_name\":\"Montague\",\"picture\":{\"data\":{\"height\":320,\"is_silhouette\":false,\"url\":\"https://scontent.xx.fbcdn.net/v/t1.0-1/p320x320/482155_10151551142624766_1773093234_n.jpg?oh=39926ccb0dc7ca0e6d16543d213fb67c&oe=59969AB8\",\"width\":320}},\"friends\":{\"data\":[{\"name\":\"Gary Fox\",\"id\":\"10155207458061757\"}],\"paging\":{\"cursors\":{\"before\":\"QVFIUkZAzQ1kyM2JSTVEzOWYwRmprNFlUWHJZARS1STDRMNi16Y1ktRnRlVHZAUQkxJa1JVTmxUZATZAZAcWhsdy1CUzJVczkZD\",\"after\":\"QVFIUkZAzQ1kyM2JSTVEzOWYwRmprNFlUWHJZARS1STDRMNi16Y1ktRnRlVHZAUQkxJa1JVTmxUZATZAZAcWhsdy1CUzJVczkZD\"}},\"summary\":{\"total_count\":199}},\"id\":\"10155256213804766\"}',NULL,NULL,NULL,NULL),(5,6,'facebook','10207500526186106','{\"name\":\"Laura Casement\",\"email\":\"laura.casement@yahoo.com\",\"first_name\":\"Laura\",\"last_name\":\"Casement\",\"picture\":{\"data\":{\"height\":320,\"is_silhouette\":false,\"url\":\"https://scontent.xx.fbcdn.net/v/t1.0-1/p320x320/13754658_10205678063305673_6540738874609061949_n.jpg?oh=d0da685fc01f7c20baa11a62414a919c&oe=598D44BD\",\"width\":320}},\"friends\":{\"data\":[{\"name\":\"Rachel Montague\",\"id\":\"10155256213804766\"},{\"name\":\"Gary Fox\",\"id\":\"10155207458061757\"}],\"paging\":{\"cursors\":{\"before\":\"QVFIUkpTT1VYTGFhUzhPVmxVUGo0SlVfRmVMVi1MQWd2ZAEUyUUZA4aFUzVE5BczAyWXhJUVZA3WGlCbnFnZAUdOTTdQUFAZD\",\"after\":\"QVFIUkZAzQ1kyM2JSTVEzOWYwRmprNFlUWHJZARS1STDRMNi16Y1ktRnRlVHZAUQkxJa1JVTmxUZATZAZAcWhsdy1CUzJVczkZD\"}},\"summary\":{\"total_count\":676}},\"id\":\"10207500526186106\"}',NULL,NULL,NULL,NULL),(6,7,'facebook','105068980069118','{\"name\":\"John Alafihjdhghag Wisemanstein\",\"email\":\"nljtuhyyjm_1494249752@tfbnw.net\",\"first_name\":\"John\",\"last_name\":\"Wisemanstein\",\"picture\":{\"data\":{\"height\":160,\"is_silhouette\":true,\"url\":\"https://scontent.xx.fbcdn.net/v/t1.0-1/p160x160/10354686_10150004552801856_220367501106153455_n.jpg?oh=ae6dc7236b360ed02886e8d9b58b771a&oe=59C1943C\",\"width\":254}},\"friends\":{\"data\":[],\"summary\":{\"total_count\":0}},\"id\":\"105068980069118\"}',NULL,NULL,NULL,NULL),(7,8,'facebook','1446577762058932','{\"name\":\"Benas Paulikas\",\"email\":\"benaspggj@gmail.com\",\"first_name\":\"Benas\",\"last_name\":\"Paulikas\",\"picture\":{\"data\":{\"height\":315,\"is_silhouette\":false,\"url\":\"https://scontent.xx.fbcdn.net/v/t1.0-1/384597_253934277989959_13474575_n.jpg?oh=6c534d83ff099e569989df79e0d4f249&oe=597D59F8\",\"width\":180}},\"friends\":{\"data\":[{\"name\":\"Gary Fox\",\"id\":\"10155207458061757\"}],\"paging\":{\"cursors\":{\"before\":\"QVFIUkZAzQ1kyM2JSTVEzOWYwRmprNFlUWHJZARS1STDRMNi16Y1ktRnRlVHZAUQkxJa1JVTmxUZATZAZAcWhsdy1CUzJVczkZD\",\"after\":\"QVFIUkZAzQ1kyM2JSTVEzOWYwRmprNFlUWHJZARS1STDRMNi16Y1ktRnRlVHZAUQkxJa1JVTmxUZATZAZAcWhsdy1CUzJVczkZD\"}},\"summary\":{\"total_count\":68}},\"id\":\"1446577762058932\"}',NULL,NULL,NULL,NULL),(10,11,'facebook','108333453076318','{\"name\":\"Gary Fox Test\",\"email\":\"gary_dhbpxnv_test@tfbnw.net\",\"first_name\":\"Gary\",\"last_name\":\"Test\",\"picture\":{\"data\":{\"height\":320,\"is_silhouette\":false,\"url\":\"https://scontent.xx.fbcdn.net/v/t1.0-1/p320x320/18402879_113185085924488_6240987668724216065_n.jpg?oh=7f2158561551b70b3b973fabebb7eeea&oe=59BE3237\",\"width\":320}},\"friends\":{\"data\":[{\"name\":\"John Alafihjdhghag Wisemanstein\",\"id\":\"105068980069118\"},{\"name\":\"Sharon Alagjaahighic Carrierowitz\",\"id\":\"104614576782272\"},{\"name\":\"Andrew Montague Test\",\"id\":\"103260386918334\"}],\"paging\":{\"cursors\":{\"before\":\"QVFIUjAxeVpiaURhOGswbVRzRmRXVmNMc21wYzdvQUFzOWFHMUJsVjlkamhPUWpCVU9UQTVZATmdTZAy1obXJieF9kdmRYT0FLeFpSLWZAHdml5b0Q5aHA1a1VB\",\"after\":\"QVFIUkFHbWdpbmZAQRVdFaWFVMVhoSHZAScXNwX1B1U1NoWUtKZAHNWQW9nbUNoU0EzdS1CMnZAEVmJlclk1NVBSMkJTRlJqdHJKc0NnZAFp1aUZAMTHY0QlRSZADJB\"}},\"summary\":{\"total_count\":3}},\"id\":\"108333453076318\"}',NULL,NULL,NULL,NULL),(11,12,'facebook','104614576782272','{\"name\":\"Sharon Alagjaahighic Carrierowitz\",\"email\":\"bnpcmpzjqg_1494369363@tfbnw.net\",\"first_name\":\"Sharon\",\"last_name\":\"Carrierowitz\",\"picture\":{\"data\":{\"height\":320,\"is_silhouette\":false,\"url\":\"https://scontent.xx.fbcdn.net/v/t1.0-1/p320x320/18402805_112069936036736_4050273409915417439_n.jpg?oh=48ec1d861bebdf45e830613460697dcb&oe=59AE2D62\",\"width\":320}},\"friends\":{\"data\":[{\"name\":\"John Alafihjdhghag Wisemanstein\",\"id\":\"105068980069118\"},{\"name\":\"Gary Fox Test\",\"id\":\"108333453076318\"},{\"name\":\"Andrew Montague Test\",\"id\":\"103260386918334\"}],\"paging\":{\"cursors\":{\"before\":\"QVFIUjAxeVpiaURhOGswbVRzRmRXVmNMc21wYzdvQUFzOWFHMUJsVjlkamhPUWpCVU9UQTVZATmdTZAy1obXJieF9kdmRYT0FLeFpSLWZAHdml5b0Q5aHA1a1VB\",\"after\":\"QVFIUkFHbWdpbmZAQRVdFaWFVMVhoSHZAScXNwX1B1U1NoWUtKZAHNWQW9nbUNoU0EzdS1CMnZAEVmJlclk1NVBSMkJTRlJqdHJKc0NnZAFp1aUZAMTHY0QlRSZADJB\"}},\"summary\":{\"total_count\":3}},\"id\":\"104614576782272\"}',NULL,NULL,NULL,NULL),(12,13,'facebook','101342303778649','{\"name\":\"Benas Test\",\"email\":\"benas_mqzdegm_test@tfbnw.net\",\"first_name\":\"Benas\",\"last_name\":\"Test\",\"picture\":{\"data\":{\"height\":160,\"is_silhouette\":true,\"url\":\"https://scontent.xx.fbcdn.net/v/t1.0-1/p160x160/1379841_10150004552801901_469209496895221757_n.jpg?oh=a6a08dac2846f682b1200c324fba682e&oe=5977C21B\",\"width\":254}},\"friends\":{\"data\":[],\"summary\":{\"total_count\":0}},\"id\":\"101342303778649\"}',NULL,NULL,NULL,NULL),(13,14,'facebook','103260386918334','{\"name\":\"Andrew Montague Test\",\"email\":\"andrew_mioouem_test@tfbnw.net\",\"first_name\":\"Andrew\",\"last_name\":\"Test\",\"picture\":{\"data\":{\"height\":200,\"is_silhouette\":false,\"url\":\"https://scontent.xx.fbcdn.net/v/t1.0-1/p200x200/18423994_103890483521991_1093319042751506235_n.jpg?oh=8ff444794b47212a1776811691d0d440&oe=59BBC293\",\"width\":266}},\"friends\":{\"data\":[{\"name\":\"John Alafihjdhghag Wisemanstein\",\"id\":\"105068980069118\"},{\"name\":\"Gary Fox Test\",\"id\":\"108333453076318\"},{\"name\":\"Sharon Alagjaahighic Carrierowitz\",\"id\":\"104614576782272\"},{\"name\":\"Mark Alagjgeebeigb Narayanansky\",\"id\":\"102861870292997\"},{\"name\":\"Benas Test\",\"id\":\"101342303778649\"}],\"paging\":{\"cursors\":{\"before\":\"QVFIUjAxeVpiaURhOGswbVRzRmRXVmNMc21wYzdvQUFzOWFHMUJsVjlkamhPUWpCVU9UQTVZATmdTZAy1obXJieF9kdmRYT0FLeFpSLWZAHdml5b0Q5aHA1a1VB\",\"after\":\"QVFIUlRIUU1yRl9BQkRXamp0OVNyNV9FT0t1MG85Um1McW5vRC1tU1hlQk13ZAExST01YM1Ntb091NS1VaU1jaW8ybDdLa3pTMlVXMVNWZA3psVDhuaXlWWEJR\"}},\"summary\":{\"total_count\":5}},\"id\":\"103260386918334\"}',NULL,NULL,NULL,NULL),(14,15,'facebook','102861870292997','{\"name\":\"Mark Alagjgeebeigb Narayanansky\",\"email\":\"nrvtkdgwlh_1494595843@tfbnw.net\",\"first_name\":\"Mark\",\"last_name\":\"Narayanansky\",\"picture\":{\"data\":{\"height\":160,\"is_silhouette\":true,\"url\":\"https://scontent.xx.fbcdn.net/v/t1.0-1/p160x160/10354686_10150004552801856_220367501106153455_n.jpg?oh=ae6dc7236b360ed02886e8d9b58b771a&oe=59C1943C\",\"width\":254}},\"friends\":{\"data\":[{\"name\":\"John Alafihjdhghag Wisemanstein\",\"id\":\"105068980069118\"},{\"name\":\"Gary Fox Test\",\"id\":\"108333453076318\"},{\"name\":\"Sharon Alagjaahighic Carrierowitz\",\"id\":\"104614576782272\"},{\"name\":\"Helen Alagjbdejhadi Lauson\",\"id\":\"110478562862960\"},{\"name\":\"Andrew Montague Test\",\"id\":\"103260386918334\"},{\"name\":\"Benas Test\",\"id\":\"101342303778649\"}],\"paging\":{\"cursors\":{\"before\":\"QVFIUjAxeVpiaURhOGswbVRzRmRXVmNMc21wYzdvQUFzOWFHMUJsVjlkamhPUWpCVU9UQTVZATmdTZAy1obXJieF9kdmRYT0FLeFpSLWZAHdml5b0Q5aHA1a1VB\",\"after\":\"QVFIUlRIUU1yRl9BQkRXamp0OVNyNV9FT0t1MG85Um1McW5vRC1tU1hlQk13ZAExST01YM1Ntb091NS1VaU1jaW8ybDdLa3pTMlVXMVNWZA3psVDhuaXlWWEJR\"}},\"summary\":{\"total_count\":6}},\"id\":\"102861870292997\"}',NULL,NULL,NULL,NULL),(15,16,'facebook','110478562862960','{\"name\":\"Helen Alagjbdejhadi Lauson\",\"email\":\"vleeltblso_1494595927@tfbnw.net\",\"first_name\":\"Helen\",\"last_name\":\"Lauson\",\"picture\":{\"data\":{\"height\":160,\"is_silhouette\":true,\"url\":\"https://scontent.xx.fbcdn.net/v/t1.0-1/p160x160/1379841_10150004552801901_469209496895221757_n.jpg?oh=a6a08dac2846f682b1200c324fba682e&oe=5977C21B\",\"width\":254}},\"friends\":{\"data\":[{\"name\":\"Mark Alagjgeebeigb Narayanansky\",\"id\":\"102861870292997\"}],\"paging\":{\"cursors\":{\"before\":\"QVFIUlRNMnQ5NUQtTmdSaWRlQzQtUFRXUm5jZAFcwV2ZAyM29jMW10M25PZAFJqVkJXekFNdWE2QURiUzFqMHEwZA0ZAHZAEdBdGpibVgyU3kyY1lod1czVHkyTllB\",\"after\":\"QVFIUlRNMnQ5NUQtTmdSaWRlQzQtUFRXUm5jZAFcwV2ZAyM29jMW10M25PZAFJqVkJXekFNdWE2QURiUzFqMHEwZA0ZAHZAEdBdGpibVgyU3kyY1lod1czVHkyTllB\"}},\"summary\":{\"total_count\":1}},\"id\":\"110478562862960\"}',NULL,NULL,NULL,NULL),(16,19,'facebook','109172763003886','{\"name\":\"John Barrowman\",\"email\":\"john_wlbetvb_barrowman@tfbnw.net\",\"first_name\":\"John\",\"last_name\":\"Barrowman\",\"picture\":{\"data\":{\"height\":320,\"is_silhouette\":false,\"url\":\"https://scontent.xx.fbcdn.net/v/t1.0-1/p320x320/18739690_109179346336561_2882244594852389584_n.jpg?oh=e9e79c66a28a1b223397bb937ef2d228&oe=59C01DB0\",\"width\":320}},\"friends\":{\"data\":[],\"summary\":{\"total_count\":0}},\"id\":\"109172763003886\"}',NULL,NULL,NULL,NULL),(17,20,'facebook','100885300505027','{\"name\":\"Russell Grant\",\"email\":\"russell_lbutyrl_grant@tfbnw.net\",\"first_name\":\"Russell\",\"last_name\":\"Grant\",\"picture\":{\"data\":{\"height\":320,\"is_silhouette\":false,\"url\":\"https://scontent.xx.fbcdn.net/v/t1.0-1/p320x320/18582645_100888263838064_3225259138577543583_n.jpg?oh=fc0da9316b1097caf07a003489bd766e&oe=59A4CD91\",\"width\":320}},\"friends\":{\"data\":[],\"summary\":{\"total_count\":0}},\"id\":\"100885300505027\"}',NULL,NULL,NULL,NULL),(18,21,'facebook','109136959674477','{\"name\":\"Arsenal Test Account\",\"email\":\"arsenal_wlvxbue_account@tfbnw.net\",\"first_name\":\"Arsenal\",\"last_name\":\"Account\",\"picture\":{\"data\":{\"height\":320,\"is_silhouette\":false,\"url\":\"https://scontent.xx.fbcdn.net/v/t1.0-1/p320x320/18664526_109255072995999_6689032183248160066_n.jpg?oh=b0dbc1b3a40b94bf0d30edb6203a4b1f&oe=59BAA8A7\",\"width\":320}},\"friends\":{\"data\":[],\"summary\":{\"total_count\":0}},\"id\":\"109136959674477\"}',NULL,NULL,NULL,NULL),(19,22,'facebook','108704026389360','{\"name\":\"Chris Foden\",\"email\":\"chris_nfawjlh_foden@tfbnw.net\",\"first_name\":\"Chris\",\"last_name\":\"Foden\",\"picture\":{\"data\":{\"height\":160,\"is_silhouette\":true,\"url\":\"https://scontent.xx.fbcdn.net/v/t1.0-1/p160x160/1379841_10150004552801901_469209496895221757_n.jpg?oh=10b5c8f02af1bf9483b2b2a69b22f824&oe=599F4F1B\",\"width\":254}},\"friends\":{\"data\":[],\"summary\":{\"total_count\":0}},\"id\":\"108704026389360\"}',NULL,NULL,NULL,NULL);
/*!40000 ALTER TABLE `social_account` ENABLE KEYS */;
UNLOCK TABLES;

--
-- Table structure for table `subscription`
--

DROP TABLE IF EXISTS `subscription`;
/*!40101 SET @saved_cs_client     = @@character_set_client */;
/*!40101 SET character_set_client = utf8 */;
CREATE TABLE `subscription` (
  `id` int(11) NOT NULL AUTO_INCREMENT,
  `user_id` int(11) DEFAULT NULL,
  PRIMARY KEY (`id`),
  KEY `fk_sub_user_idx` (`user_id`),
  CONSTRAINT `fk_sub_user` FOREIGN KEY (`user_id`) REFERENCES `user` (`id`) ON DELETE NO ACTION ON UPDATE NO ACTION
) ENGINE=InnoDB DEFAULT CHARSET=latin1;
/*!40101 SET character_set_client = @saved_cs_client */;

--
-- Dumping data for table `subscription`
--

LOCK TABLES `subscription` WRITE;
/*!40000 ALTER TABLE `subscription` DISABLE KEYS */;
/*!40000 ALTER TABLE `subscription` ENABLE KEYS */;
UNLOCK TABLES;

--
-- Table structure for table `syndicate`
--

DROP TABLE IF EXISTS `syndicate`;
/*!40101 SET @saved_cs_client     = @@character_set_client */;
/*!40101 SET character_set_client = utf8 */;
CREATE TABLE `syndicate` (
  `id` int(11) NOT NULL AUTO_INCREMENT,
  `draw_id` int(11) DEFAULT NULL,
  `creator_user_id` int(11) DEFAULT NULL,
  `num_lines` int(11) DEFAULT NULL,
  `num_shares` int(11) DEFAULT NULL,
  `cost_per_share` decimal(10,2) DEFAULT NULL,
  `syndie_style` tinyint(4) DEFAULT '0',
  `syndie_lines_per_person` int(11) DEFAULT NULL,
  `number_of_draws` int(11) DEFAULT NULL,
  `min_players` int(11) DEFAULT '1',
  `max_players` int(11) DEFAULT '0',
  `syndicate_status_id` int(11) DEFAULT '1',
  `name` varchar(100) DEFAULT NULL,
  `message` varchar(255) DEFAULT NULL,
  `privacy_level_id` int(11) DEFAULT '2',
  `game_id` int(11) DEFAULT NULL,
  `privacy_code` varchar(255) DEFAULT NULL,
  `created_at` datetime DEFAULT NULL,
  `players` int(11) DEFAULT '0',
  PRIMARY KEY (`id`),
  KEY `fk_syndi_draw_idx` (`draw_id`),
  KEY `fk_syndi_user_idx` (`creator_user_id`),
  KEY `fk_syndi_status_idx` (`syndicate_status_id`),
  KEY `fk_syndi_privacy_idx` (`privacy_level_id`),
  KEY `fk_syndi_game_idx` (`game_id`),
  CONSTRAINT `fk_syndi_draw` FOREIGN KEY (`draw_id`) REFERENCES `draw` (`id`) ON DELETE NO ACTION ON UPDATE NO ACTION,
  CONSTRAINT `fk_syndi_game` FOREIGN KEY (`game_id`) REFERENCES `game` (`id`) ON DELETE NO ACTION ON UPDATE NO ACTION,
  CONSTRAINT `fk_syndi_privacy` FOREIGN KEY (`privacy_level_id`) REFERENCES `privacy_level` (`id`) ON DELETE NO ACTION ON UPDATE NO ACTION,
  CONSTRAINT `fk_syndi_status` FOREIGN KEY (`syndicate_status_id`) REFERENCES `syndicate_status` (`id`) ON DELETE NO ACTION ON UPDATE NO ACTION,
  CONSTRAINT `fk_syndi_user` FOREIGN KEY (`creator_user_id`) REFERENCES `user` (`id`) ON DELETE NO ACTION ON UPDATE NO ACTION
) ENGINE=InnoDB AUTO_INCREMENT=312 DEFAULT CHARSET=latin1;
/*!40101 SET character_set_client = @saved_cs_client */;

--
-- Dumping data for table `syndicate`
--

LOCK TABLES `syndicate` WRITE;
/*!40000 ALTER TABLE `syndicate` DISABLE KEYS */;
INSERT INTO `syndicate` VALUES (278,8,11,6,3,5.00,1,2,2,1,NULL,1,'For My Besties','I think we all need this one',2,1,'',NULL,3),(279,7,20,18,6,7.50,1,3,2,1,80,1,'Pisces Syndie','For those of you born February 19  March 20',2,1,'',NULL,6),(280,7,21,10,5,5.00,1,2,2,1,NULL,1,'West Stand','For West Stand Season Ticket Holders',2,1,'',NULL,5),(281,7,16,10,1,25.00,1,10,1,1,NULL,1,'Joseph Lee','Join my Syndicate!!',2,1,'',NULL,1),(282,10,22,20,2,35.00,1,10,10,1,10,1,'Chris','This ones a winner',2,2,'',NULL,2),(283,8,14,8,2,10.00,1,4,6,1,NULL,1,'Montys Millions','150million roll over next week guys - lets have a punt together!',2,1,'',NULL,2),(284,10,14,4,1,14.00,1,4,6,1,NULL,1,'Sascha\'s power ball','Lucky Number Seven',2,2,'',NULL,1),(285,10,14,6,2,10.50,1,3,1,1,NULL,1,'June Rollover','Guys - please joing my sydnicate - want to fill up before draw next week',2,2,'',NULL,2),(286,10,14,4,1,14.00,1,4,1,1,NULL,1,'June Rollover','Guys - please joing my sydnicate - want to fill up before draw next week',2,2,'',NULL,1),(287,8,14,12,2,15.00,1,6,1,1,NULL,1,'June Rollover','Guys - please joing my sydnicate - want to fill up before draw next week',2,1,'',NULL,2),(289,33,14,4,1,14.00,1,4,1,1,NULL,1,'fake news lottery','role over summer 2017',2,2,'',NULL,1),(290,9,14,1,1,2.50,1,1,1,1,NULL,1,'grht','srgg',2,1,'',NULL,1),(291,33,14,1,1,3.50,1,1,1,1,NULL,1,'June Rollover 2','come join',2,2,'',NULL,1),(292,33,16,0,1,0.00,1,NULL,NULL,1,NULL,1,'','',2,2,'',NULL,1),(293,10,16,1,1,2.50,1,1,1,1,NULL,1,'Joseph Lee','Join my syndicate!!',2,1,'',NULL,1),(294,11,14,3,1,7.50,1,3,2,1,NULL,1,'new Mega','This is for tuesday 13th june',2,1,'',NULL,1),(295,34,14,2,1,7.00,1,2,1,1,NULL,1,'POWERBALL SYNDIE 16th June','please join',2,2,'',NULL,1),(296,11,14,2,1,5.00,1,2,2,1,NULL,1,'Aasd','asdsad',2,1,'',NULL,1),(297,11,14,1,1,2.50,1,1,2,1,NULL,1,'asdasd','asdasd',2,1,'',NULL,1),(298,11,14,3,1,7.50,1,3,1,1,NULL,1,'sascha','gary does this work',2,1,'',NULL,1),(299,34,14,1,1,3.50,1,1,1,1,NULL,1,'power june','today',2,2,'',NULL,1),(300,11,14,4,1,10.00,1,4,1,1,NULL,1,'Tyrone\'s Sydicate','Come play wtih me',2,1,'',NULL,1),(301,34,14,10,1,35.00,1,10,1,1,NULL,1,'Amy & Nicky\'s syndi','Come on guys lets do this one togevva',2,2,'',NULL,1),(302,13,22,50,1,125.00,1,50,76,1,100789,1,'yes','come on',2,1,'',NULL,1),(303,11,14,2,1,5.00,1,2,1,1,NULL,1,'Sandras Millions','joing me syndicate',2,1,'',NULL,1),(304,12,14,3,1,7.50,1,3,1,1,NULL,1,'Sams Syndie','come and join',2,1,'',NULL,1),(305,12,22,0,1,0.00,1,NULL,NULL,1,NULL,1,'','',2,1,'',NULL,1),(306,34,22,0,1,0.00,1,NULL,NULL,1,NULL,1,'','',2,2,'',NULL,1),(307,139,22,2,2,3.50,1,1,1,1,12,1,'North London Powerball Extravaganza','Everyones a winner',2,2,'',NULL,2),(308,12,22,1,1,2.50,1,1,1,1,NULL,1,'a','a',2,1,'',NULL,1),(309,13,14,1,1,2.50,1,1,1,1,NULL,1,'Andrew New SYNDIE','COME & JOIN',2,1,'',NULL,1),(310,14,14,2,1,5.00,1,2,1,1,NULL,1,'the XYZ','join easy as ABC',2,1,'',NULL,1),(311,14,14,3,1,7.50,1,3,1,1,NULL,1,'andrew shabbat','shabbat roll over',2,1,'',NULL,1);
/*!40000 ALTER TABLE `syndicate` ENABLE KEYS */;
UNLOCK TABLES;

--
-- Table structure for table `syndicate_member`
--

DROP TABLE IF EXISTS `syndicate_member`;
/*!40101 SET @saved_cs_client     = @@character_set_client */;
/*!40101 SET character_set_client = utf8 */;
CREATE TABLE `syndicate_member` (
  `syndicate_id` int(11) DEFAULT NULL,
  `user_id` int(11) DEFAULT NULL,
  KEY `fk_sm_synd_idx` (`syndicate_id`),
  KEY `fk_sm_user_idx` (`user_id`),
  CONSTRAINT `fk_sm_synd` FOREIGN KEY (`syndicate_id`) REFERENCES `syndicate` (`id`) ON DELETE NO ACTION ON UPDATE NO ACTION,
  CONSTRAINT `fk_sm_user` FOREIGN KEY (`user_id`) REFERENCES `user` (`id`) ON DELETE NO ACTION ON UPDATE NO ACTION
) ENGINE=InnoDB DEFAULT CHARSET=latin1;
/*!40101 SET character_set_client = @saved_cs_client */;

--
-- Dumping data for table `syndicate_member`
--

LOCK TABLES `syndicate_member` WRITE;
/*!40000 ALTER TABLE `syndicate_member` DISABLE KEYS */;
/*!40000 ALTER TABLE `syndicate_member` ENABLE KEYS */;
UNLOCK TABLES;

--
-- Table structure for table `syndicate_status`
--

DROP TABLE IF EXISTS `syndicate_status`;
/*!40101 SET @saved_cs_client     = @@character_set_client */;
/*!40101 SET character_set_client = utf8 */;
CREATE TABLE `syndicate_status` (
  `id` int(11) NOT NULL AUTO_INCREMENT,
  `name` varchar(50) DEFAULT NULL,
  PRIMARY KEY (`id`)
) ENGINE=InnoDB AUTO_INCREMENT=4 DEFAULT CHARSET=latin1;
/*!40101 SET character_set_client = @saved_cs_client */;

--
-- Dumping data for table `syndicate_status`
--

LOCK TABLES `syndicate_status` WRITE;
/*!40000 ALTER TABLE `syndicate_status` DISABLE KEYS */;
INSERT INTO `syndicate_status` VALUES (1,'Incomplete'),(2,'Active'),(3,'Complete');
/*!40000 ALTER TABLE `syndicate_status` ENABLE KEYS */;
UNLOCK TABLES;

--
-- Table structure for table `ticket`
--

DROP TABLE IF EXISTS `ticket`;
/*!40101 SET @saved_cs_client     = @@character_set_client */;
/*!40101 SET character_set_client = utf8 */;
CREATE TABLE `ticket` (
  `id` int(11) NOT NULL AUTO_INCREMENT,
  `value` decimal(10,2) DEFAULT NULL,
  `user_id` int(11) DEFAULT NULL,
  `transaction_id` int(11) DEFAULT NULL,
  `ticket_status_id` int(11) DEFAULT NULL,
  `syndicate_id` int(11) DEFAULT NULL,
  `game_id` int(11) DEFAULT NULL,
  `brombat_id` varchar(255) DEFAULT NULL,
  `exaloc_id` varchar(255) DEFAULT NULL,
  PRIMARY KEY (`id`),
  KEY `fk_ti_user_idx` (`user_id`),
  KEY `fk_tick_stat_idx` (`ticket_status_id`),
  KEY `fk_tick_trans_idx` (`transaction_id`),
  KEY `fk_tick_syn_idx` (`syndicate_id`),
  KEY `fk_tick_game_idx` (`game_id`),
  CONSTRAINT `fk_ti_user` FOREIGN KEY (`user_id`) REFERENCES `user` (`id`) ON DELETE NO ACTION ON UPDATE NO ACTION,
  CONSTRAINT `fk_tick_game` FOREIGN KEY (`game_id`) REFERENCES `game` (`id`) ON DELETE NO ACTION ON UPDATE NO ACTION,
  CONSTRAINT `fk_tick_stat` FOREIGN KEY (`ticket_status_id`) REFERENCES `ticket_status` (`id`) ON DELETE NO ACTION ON UPDATE NO ACTION,
  CONSTRAINT `fk_tick_syn` FOREIGN KEY (`syndicate_id`) REFERENCES `syndicate` (`id`) ON DELETE NO ACTION ON UPDATE NO ACTION,
  CONSTRAINT `fk_tick_trans` FOREIGN KEY (`transaction_id`) REFERENCES `transaction` (`id`) ON DELETE NO ACTION ON UPDATE NO ACTION
) ENGINE=InnoDB AUTO_INCREMENT=347 DEFAULT CHARSET=latin1;
/*!40101 SET character_set_client = @saved_cs_client */;

--
-- Dumping data for table `ticket`
--

LOCK TABLES `ticket` WRITE;
/*!40000 ALTER TABLE `ticket` DISABLE KEYS */;
INSERT INTO `ticket` VALUES (290,NULL,11,422,3,278,1,NULL,NULL),(291,NULL,20,423,3,279,1,NULL,NULL),(292,NULL,21,424,3,280,1,NULL,NULL),(293,NULL,12,NULL,1,280,1,NULL,NULL),(294,NULL,12,NULL,1,278,1,NULL,NULL),(295,NULL,12,NULL,1,280,1,NULL,NULL),(296,NULL,16,425,3,280,1,NULL,NULL),(297,NULL,22,428,3,279,1,NULL,NULL),(298,NULL,16,426,3,281,1,NULL,NULL),(299,NULL,16,427,3,279,1,NULL,NULL),(300,NULL,22,428,3,280,1,NULL,NULL),(301,NULL,22,461,3,282,2,NULL,NULL),(302,NULL,14,429,3,278,1,NULL,NULL),(303,NULL,14,430,3,279,1,NULL,NULL),(304,NULL,14,431,3,283,1,NULL,NULL),(305,NULL,8,432,3,280,1,NULL,NULL),(306,NULL,8,433,3,279,1,NULL,NULL),(307,NULL,14,434,3,280,1,NULL,NULL),(308,NULL,14,450,3,284,2,NULL,NULL),(309,NULL,22,461,3,282,2,NULL,NULL),(310,NULL,14,450,3,285,2,NULL,NULL),(311,NULL,14,450,3,286,2,NULL,NULL),(312,NULL,14,450,3,287,1,NULL,NULL),(314,NULL,14,450,3,289,2,NULL,NULL),(315,NULL,14,450,3,290,1,NULL,NULL),(316,NULL,14,450,3,285,2,NULL,NULL),(317,NULL,14,450,3,291,2,NULL,NULL),(318,NULL,16,444,3,287,1,NULL,NULL),(320,NULL,16,445,3,292,2,NULL,NULL),(321,NULL,16,445,3,283,1,NULL,NULL),(322,NULL,16,446,3,293,1,NULL,NULL),(323,NULL,21,447,3,278,1,NULL,NULL),(325,NULL,14,451,3,294,1,NULL,NULL),(326,NULL,14,452,3,295,2,NULL,NULL),(327,NULL,14,453,3,296,1,NULL,NULL),(328,NULL,14,454,3,297,1,NULL,NULL),(329,NULL,14,455,3,298,1,NULL,NULL),(330,NULL,14,456,3,299,2,NULL,NULL),(331,NULL,14,457,3,300,1,NULL,NULL),(332,NULL,14,458,3,301,2,NULL,NULL),(333,NULL,22,461,3,302,1,NULL,NULL),(334,NULL,14,459,3,303,1,NULL,NULL),(335,NULL,14,460,3,304,1,NULL,NULL),(336,NULL,22,461,3,305,1,NULL,NULL),(337,NULL,22,461,3,306,2,NULL,NULL),(338,NULL,22,461,3,307,2,NULL,NULL),(339,NULL,22,462,3,308,1,NULL,NULL),(340,NULL,14,463,3,309,1,NULL,NULL),(341,NULL,14,464,3,307,2,NULL,NULL),(342,NULL,11,465,3,279,1,NULL,NULL),(343,NULL,14,466,3,310,1,NULL,NULL),(344,NULL,7,NULL,1,279,1,NULL,NULL),(346,NULL,14,467,3,311,1,NULL,NULL);
/*!40000 ALTER TABLE `ticket` ENABLE KEYS */;
UNLOCK TABLES;

--
-- Table structure for table `ticket_status`
--

DROP TABLE IF EXISTS `ticket_status`;
/*!40101 SET @saved_cs_client     = @@character_set_client */;
/*!40101 SET character_set_client = utf8 */;
CREATE TABLE `ticket_status` (
  `id` int(11) NOT NULL AUTO_INCREMENT,
  `name` varchar(45) DEFAULT NULL,
  PRIMARY KEY (`id`)
) ENGINE=InnoDB AUTO_INCREMENT=5 DEFAULT CHARSET=latin1;
/*!40101 SET character_set_client = @saved_cs_client */;

--
-- Dumping data for table `ticket_status`
--

LOCK TABLES `ticket_status` WRITE;
/*!40000 ALTER TABLE `ticket_status` DISABLE KEYS */;
INSERT INTO `ticket_status` VALUES (1,'Not Yet Paid'),(2,'Reserved'),(3,'In Play'),(4,'Resolved');
/*!40000 ALTER TABLE `ticket_status` ENABLE KEYS */;
UNLOCK TABLES;

--
-- Table structure for table `token`
--

DROP TABLE IF EXISTS `token`;
/*!40101 SET @saved_cs_client     = @@character_set_client */;
/*!40101 SET character_set_client = utf8 */;
CREATE TABLE `token` (
  `user_id` int(11) NOT NULL,
  `code` varchar(32) COLLATE utf8_unicode_ci NOT NULL,
  `created_at` int(11) NOT NULL,
  `type` smallint(6) NOT NULL,
  UNIQUE KEY `token_unique` (`user_id`,`code`,`type`),
  CONSTRAINT `fk_user_token` FOREIGN KEY (`user_id`) REFERENCES `user` (`id`) ON DELETE CASCADE
) ENGINE=InnoDB DEFAULT CHARSET=utf8 COLLATE=utf8_unicode_ci;
/*!40101 SET character_set_client = @saved_cs_client */;

--
-- Dumping data for table `token`
--

LOCK TABLES `token` WRITE;
/*!40000 ALTER TABLE `token` DISABLE KEYS */;
/*!40000 ALTER TABLE `token` ENABLE KEYS */;
UNLOCK TABLES;

--
-- Table structure for table `transaction`
--

DROP TABLE IF EXISTS `transaction`;
/*!40101 SET @saved_cs_client     = @@character_set_client */;
/*!40101 SET character_set_client = utf8 */;
CREATE TABLE `transaction` (
  `id` int(11) NOT NULL AUTO_INCREMENT,
  `transaction_status_id` int(11) DEFAULT NULL,
  PRIMARY KEY (`id`),
  KEY `fk_trans_trans_status_idx` (`transaction_status_id`),
  CONSTRAINT `fk_trans_trans_status` FOREIGN KEY (`transaction_status_id`) REFERENCES `transaction_status` (`id`) ON DELETE NO ACTION ON UPDATE NO ACTION
) ENGINE=InnoDB AUTO_INCREMENT=468 DEFAULT CHARSET=latin1;
/*!40101 SET character_set_client = @saved_cs_client */;

--
-- Dumping data for table `transaction`
--

LOCK TABLES `transaction` WRITE;
/*!40000 ALTER TABLE `transaction` DISABLE KEYS */;
INSERT INTO `transaction` VALUES (435,1),(436,1),(437,1),(439,1),(440,1),(441,1),(442,1),(443,1),(448,1),(449,1),(422,3),(423,3),(424,3),(425,3),(426,3),(427,3),(428,3),(429,3),(430,3),(431,3),(432,3),(433,3),(434,3),(438,3),(444,3),(445,3),(446,3),(447,3),(450,3),(451,3),(452,3),(453,3),(454,3),(455,3),(456,3),(457,3),(458,3),(459,3),(460,3),(461,3),(462,3),(463,3),(464,3),(465,3),(466,3),(467,3);
/*!40000 ALTER TABLE `transaction` ENABLE KEYS */;
UNLOCK TABLES;

--
-- Table structure for table `transaction_history`
--

DROP TABLE IF EXISTS `transaction_history`;
/*!40101 SET @saved_cs_client     = @@character_set_client */;
/*!40101 SET character_set_client = utf8 */;
CREATE TABLE `transaction_history` (
  `id` int(11) NOT NULL AUTO_INCREMENT,
  `user_id` int(11) DEFAULT NULL,
  `transaction_date` datetime DEFAULT NULL,
  `amount` decimal(10,2) DEFAULT NULL,
  PRIMARY KEY (`id`)
) ENGINE=InnoDB DEFAULT CHARSET=latin1;
/*!40101 SET character_set_client = @saved_cs_client */;

--
-- Dumping data for table `transaction_history`
--

LOCK TABLES `transaction_history` WRITE;
/*!40000 ALTER TABLE `transaction_history` DISABLE KEYS */;
/*!40000 ALTER TABLE `transaction_history` ENABLE KEYS */;
UNLOCK TABLES;

--
-- Table structure for table `transaction_status`
--

DROP TABLE IF EXISTS `transaction_status`;
/*!40101 SET @saved_cs_client     = @@character_set_client */;
/*!40101 SET character_set_client = utf8 */;
CREATE TABLE `transaction_status` (
  `id` int(11) NOT NULL AUTO_INCREMENT,
  `name` varchar(100) DEFAULT NULL,
  PRIMARY KEY (`id`)
) ENGINE=InnoDB AUTO_INCREMENT=4 DEFAULT CHARSET=latin1;
/*!40101 SET character_set_client = @saved_cs_client */;

--
-- Dumping data for table `transaction_status`
--

LOCK TABLES `transaction_status` WRITE;
/*!40000 ALTER TABLE `transaction_status` DISABLE KEYS */;
INSERT INTO `transaction_status` VALUES (1,'Pending'),(2,'Reserved'),(3,'Complete');
/*!40000 ALTER TABLE `transaction_status` ENABLE KEYS */;
UNLOCK TABLES;

--
-- Table structure for table `user`
--

DROP TABLE IF EXISTS `user`;
/*!40101 SET @saved_cs_client     = @@character_set_client */;
/*!40101 SET character_set_client = utf8 */;
CREATE TABLE `user` (
  `id` int(11) NOT NULL AUTO_INCREMENT,
  `username` varchar(255) COLLATE utf8_unicode_ci NOT NULL,
  `email` varchar(255) COLLATE utf8_unicode_ci NOT NULL,
  `password_hash` varchar(60) COLLATE utf8_unicode_ci NOT NULL,
  `auth_key` varchar(32) COLLATE utf8_unicode_ci NOT NULL,
  `confirmed_at` int(11) DEFAULT NULL,
  `unconfirmed_email` varchar(255) COLLATE utf8_unicode_ci DEFAULT NULL,
  `blocked_at` int(11) DEFAULT NULL,
  `registration_ip` varchar(45) COLLATE utf8_unicode_ci DEFAULT NULL,
  `created_at` int(11) NOT NULL,
  `updated_at` int(11) NOT NULL,
  `flags` int(11) NOT NULL DEFAULT '0',
  `last_login_at` int(11) DEFAULT NULL,
  `commission_rate` decimal(10,2) DEFAULT NULL,
  `brombat_id` varchar(255) COLLATE utf8_unicode_ci DEFAULT '',
  `exaloc_id` varchar(255) COLLATE utf8_unicode_ci DEFAULT '',
  `exaloc_token` varchar(255) COLLATE utf8_unicode_ci DEFAULT NULL,
  `type` varchar(255) COLLATE utf8_unicode_ci DEFAULT 'user',
  `tac` tinyint(1) DEFAULT '0',
  PRIMARY KEY (`id`),
  UNIQUE KEY `user_unique_username` (`username`),
  UNIQUE KEY `user_unique_email` (`email`)
) ENGINE=InnoDB AUTO_INCREMENT=23 DEFAULT CHARSET=utf8 COLLATE=utf8_unicode_ci;
/*!40101 SET character_set_client = @saved_cs_client */;

--
-- Dumping data for table `user`
--

LOCK TABLES `user` WRITE;
/*!40000 ALTER TABLE `user` DISABLE KEYS */;
INSERT INTO `user` VALUES (1,'admin','gary@nuanced.co.uk','$2y$10$YwMOKXOMJ9mogSvQDdqk.enGhui3gslNlsHa9Ewib7d.f11YvP8F.','xXdIBCpkyddjELjorLRgg3lNUX2wBZdc',1467119208,NULL,NULL,NULL,0,1495608964,0,1495608962,NULL,'0eb0cf60-364d-11e7-8b28-7b01ce59dabe','6','3G{onEad7ee083149ad5786639538adfa09d0817364e9fc36c1cf5901f353d53655f99|ZAx#xAk\'`Gdl+6	li\"u&0w(-,Rd\":2g','user',1),(4,'felders','facebook@felders.co.uk','$2y$10$PO93cnVmsnUw3qMohOAR/uIKA8vq.lslklvaW3QPmbX1P0IfMMZNm','iva9rN1WgoButHRdAwkPwI8CNEIGgj9M',1492434395,NULL,NULL,'5.64.88.217',1492434395,1495438313,0,NULL,NULL,'0ee6d220-364d-11e7-ad7c-f3bb7554e1f0','7','JA$e06c7dd09e643b3eb934e4930f257203281e0e59d2004457bfec6d6d016d7a82c7\\0ov/}!2\n0x:sUKy8,=br8L{Vx\rF95%<t=*h17p\'W','user',1),(5,'montaguerachel@hotmail.com','montaguerachel@hotmail.com','$2y$10$ffME4hlLIa7JoZQY1DvYAeBNlUJus/4OlG3mcua1D2ppz/j60OT7e','0c5RondPlen5LSkgJ61gZRU-04zcGpcS',1492442205,NULL,NULL,'217.42.85.89',1492442205,1494861494,0,NULL,NULL,'0f12f140-364d-11e7-8fd9-5976dd4c423d','8','VZ\0=E74f65887b1ca56e845c24bf0a74c09730607d3be9f75393f7b6141cf273be5fdCG<Op(HPnjAX2\\muhTb9\0d#4a','user',0),(6,'laura.casement@yahoo.com','laura.casement@yahoo.com','$2y$10$sfyihHzRrVVAIwqdPQ4c.um6W6VCGa0nQNIBF67ebf/VoJ4nNo9pm','_n9Acpp08CxyVbPtqz_7YqXGbPu_2Asn',1492458837,NULL,NULL,'82.132.247.153',1492458837,1494861494,0,NULL,NULL,'0f3e9da0-364d-11e7-93ae-e1bcd401e916','9','w/Vb?r 08a017562ad7faf4170b4621574ceecce9115707c79d294827ca2f2932c96f09K%\Z<Jsp	a0;\Zx)\ZD$FtrdTZqmrFIgKm\Z8	','user',0),(7,'nljtuhyyjm_1494249752','nljtuhyyjm_1494249752@tfbnw.net','$2y$10$X9GpLrxnNdXNhJi.SvoTe.BzSsD2JFVQC0/o8J1xn.cnL3H0NSaHm','45otityZkenxJd0WFi-vLEekMLqtkVmH',1494250976,NULL,NULL,'5.64.88.217',1494250976,1498058016,0,NULL,NULL,'0f68e0e0-364d-11e7-8778-51c492b3ffdd','10','xUq1r+55acc4e38a70fcd0412644c1ecae1368b99557c169788a537fbf87709bfaad170< \\>B^J]v}Y%2%[ZB\\cFOf8pGY4)FH O\\','user',1),(8,'benaspggj','benaspggj@gmail.com','$2y$10$9eNqRRlqDRBpi5o5gMKgNuw/KLGAWwdHry9Gr8H1WNpOW/ttSPS7i','ggzOBBM5j2VZUBV4DkQ06snTP7I0wyDW',1494366808,NULL,NULL,'95.90.247.228',1494366808,1495383202,0,NULL,NULL,'330f8880-364d-11e7-ac33-eb2c0719333d','11','E4$WY?(h6f09e420a9b1507d1cbef230d68f5303247babd0c62e50352e0024147934cdf2A?MF[+9o[;!2Jr~&g;I^:`','affiliate',1),(11,'xyzgary_dhbpxnv_test@tfbnw.net','gary_dhbpxnv_test@tfbnw.net','$2y$10$mU9JUbiAzMbYvQxTq/jtGOS1ciPrxBPe/YEITNNymYdWtli8s9aFO','yt8AWn1Q4WHWRkChl_WBPl_5wZT9W7Hz',1494575826,NULL,NULL,'5.64.88.217',1494575826,1495519136,0,NULL,NULL,'cb1ee960-3981-11e7-a3a3-6d8c983a924b','12','R_|\Ze3b7be9ad6c537e611d4b72c54934c4d3cb54d8f6ed8e86a9dd09a2115d1000di2Mj.JE<\r0,p+2^m^Q\n$m|(GJ8qB','user',1),(12,'bnpcmpzjqg_1494369363@tfbnw.net','bnpcmpzjqg_1494369363@tfbnw.net','$2y$10$.HSS95BUwjxIeYU6gu.OKuU0AOuwY1fFKMUjLnohzl35mMwWo2wXO','y83nlj6s0vqqwtNWfMzFOvZUFtQdy7Me',1494587537,NULL,NULL,'5.64.88.217',1494587537,1496058743,0,NULL,NULL,'cb7a3cb0-3981-11e7-ada0-c9b6323fd9fc','13','CL=E\"\Zs8147f4f6085d7a626a32affe44df501f9b3a2d7bb7e382809086b80c1a554d4bj\'@\rtB_(3~tp\0\\L2B2Ni-a%X]-','sponsor',1),(13,'benas_mqzdegm_test@tfbnw.net','benas_mqzdegm_test@tfbnw.net','$2y$10$Bhh8ixJawGwXVvFHDwgZ3OF3JbOlmgMSwMrgXcR4gtw6YJCJDs0Ra','hfbsg0cvi5fnHaTNjkU-JZUQW8WMWolZ',1494591065,NULL,NULL,'94.7.223.0',1494591065,1494861529,0,NULL,NULL,'cbd59330-3981-11e7-898f-6b2e285c12f8','14','wL@]=v1883ef9b933f16e393c4b8d13f9154a715534bf9fcf5baac1d09b091793052a6NDN	N62+3I!ZUOXOGhUT.Zl!h\0f,D','affiliate',0),(14,'andrew_mioouem_test@tfbnw.net','andrew_mioouem_test@tfbnw.net','$2y$10$/zgkrP.fdZxb8L115TLqLuG4Bygk370zVUzbMuPvxzNGLW9cLxuNy','jYIeV92FTcW7Sjemiaquoy3Pu4yLZUCq',1494596224,NULL,NULL,'217.42.142.109',1494596224,1495644919,0,NULL,NULL,'cc316dc0-3981-11e7-b5a6-e14f742400b7','15','5/6J\\P70\"45001d43784af873c5cf12efbbb5e9e705331562dfd1dd1d42202da830a9f85d-2E0\\U0%h8I+\0\0w+R>PD\n;.m#\0TUX1:E25','user',1),(15,'nrvtkdgwlh_1494595843@tfbnw.net','nrvtkdgwlh_1494595843@tfbnw.net','$2y$10$94J0RbAT1FUPrPUY4jLbXup03HB3LpgsxxUMDJ7TvpVvE3zWVHQZa','hWwNfUdbmsQLtbP0wD_BxXPggPdCDLR0',1494596344,NULL,NULL,'2.219.74.46',1494596344,1494861530,0,NULL,NULL,'cc8f3e90-3981-11e7-b557-a5188034595b','16','i1Jn658b448cd9647ff37a41bbc5744cee8d1080b8240cbdf7f25d5dd2204cca9720Kz^v\'\n}[H2Je\ZDyxU!]\ZD`-t}O<YV\0h!L$b','user',0),(16,'vleeltblso_1494595927@tfbnw.net','vleeltblso_1494595927@tfbnw.net','$2y$10$zPeDsKJX4QKcw.fl2L4AWuDxC2ULPKJxK7NqK0OXVDRLPYMa6ddCi','1ijgX1gbQWBvjEDy2g_FO63rMljhFDHI',1494596960,NULL,NULL,'195.147.189.82',1494596960,1496131092,0,NULL,NULL,'cce96a70-3981-11e7-bfd9-c9ef3d2f042c','17','6|)KN66e3c5deb26a82887ca14fea2fe07176f794e3065ee891a3b629513137428910H;FugmN~_7/HNHdZn5n5BSVBT	\0Q\\K','user',1),(18,'crap','crapbenaspggj@gmail.com','$2y$10$9eNqRRlqDRBpi5o5gMKgNuw/KLGAWwdHry9Gr8H1WNpOW/ttSPS7i','ggzOBBM5j2VZUBV4DkQ06snTP7I0wyDW',1494366808,NULL,NULL,'95.90.247.228',1494366808,1494861495,0,NULL,NULL,'330f8880-364d-11e7-ac33-eb2c0719333d','11','E4$WY?(h6f09e420a9b1507d1cbef230d68f5303247babd0c62e50352e0024147934cdf2A?MF[+9o[;!2Jr~&g;I^:`','user',0),(19,'john_wlbetvb_barrowman1@tfbnw.net','john_wlbetvb_barrowman@tfbnw.net','$2y$10$QbzMnuy6EMzl3Lc5SggtG.2JmtpTrgdhiicIoCcK.Gz9U2MjKOgLm','9ehGwlZrqRul8nOEwvKeMXnMM7oV9y13',1495638594,NULL,NULL,'5.64.88.217',1495638594,1495639567,0,NULL,NULL,'6f5d71e0-4093-11e7-a777-0b8bece0de1c','19','-^pv\"f463b91b9bfdaea443e760dde6dd4594c98f6ed7064b50d92a30d4e88bf686fcbcgn#F	_\r2E{q/;@5# EUSw?4!<<kY8FK-%j>6','affiliate',1),(20,'russell_lbutyrl_grant@tfbnw.net','russell_lbutyrl_grant@tfbnw.net','$2y$10$SARinyDIiLXhS/r8mc2lSOGCx38En2OK40r7GNfpMH08kF9.tP036','wlXVzTNq1QoQTjGLJOgtHhAs16MuYG7C',1495642948,NULL,NULL,'5.64.88.217',1495642948,1496325461,0,NULL,NULL,'476ed300-46d2-11e7-abe9-d167feb757c9','',NULL,'affiliate',1),(21,'arsenal_wlvxbue_account@tfbnw.net','arsenal_wlvxbue_account@tfbnw.net','$2y$10$gwDtHT/71PJ1DJJ/P2NdMOgxejsW/dFfQl/M5vnHIS1qWkvjgiHBu','nW0hyOcJ6t7o9lkqHluaH4jTMPdswXQD',1495643306,NULL,NULL,'5.64.88.217',1495643306,1495643312,0,NULL,NULL,'','',NULL,'sponsor',1),(22,'chris_nfawjlh_foden@tfbnw.net','chris_nfawjlh_foden@tfbnw.net','$2y$10$CRrIWkW9s54jDBaEiQQLCO2YbAhZs21d49n.gIoR9CCNjeLeU8knm','34eRBSeVSkoQv5Y1No3XybBs3IWItxt3',1496137058,NULL,NULL,'86.129.170.22',1496137058,1496137065,0,NULL,NULL,'','',NULL,'user',1);
/*!40000 ALTER TABLE `user` ENABLE KEYS */;
UNLOCK TABLES;

--
-- Table structure for table `wallet`
--

DROP TABLE IF EXISTS `wallet`;
/*!40101 SET @saved_cs_client     = @@character_set_client */;
/*!40101 SET character_set_client = utf8 */;
CREATE TABLE `wallet` (
  `id` int(11) NOT NULL AUTO_INCREMENT,
  `user_id` int(11) DEFAULT NULL,
  `balance` decimal(10,2) DEFAULT '0.00',
  `reserved_balance` decimal(10,2) DEFAULT NULL,
  PRIMARY KEY (`id`),
  KEY `fk_wallet_user_idx` (`user_id`),
  CONSTRAINT `fk_wallet_user` FOREIGN KEY (`user_id`) REFERENCES `user` (`id`) ON DELETE NO ACTION ON UPDATE NO ACTION
) ENGINE=InnoDB AUTO_INCREMENT=21 DEFAULT CHARSET=latin1;
/*!40101 SET character_set_client = @saved_cs_client */;

--
-- Dumping data for table `wallet`
--

LOCK TABLES `wallet` WRITE;
/*!40000 ALTER TABLE `wallet` DISABLE KEYS */;
INSERT INTO `wallet` VALUES (1,1,1000000.00,NULL),(4,4,1000000.00,NULL),(5,5,1000000.00,NULL),(6,6,1000000.00,NULL),(7,7,1000000.00,NULL),(8,8,999925.50,NULL),(11,11,999940.00,NULL),(12,12,1000000.00,NULL),(13,13,1000000.00,NULL),(14,14,999656.50,NULL),(15,15,1000000.00,NULL),(16,16,1999866.00,NULL),(17,19,1000000.00,NULL),(18,20,999992.50,NULL),(19,21,999975.00,NULL),(20,22,94999997.49,NULL);
/*!40000 ALTER TABLE `wallet` ENABLE KEYS */;
UNLOCK TABLES;
/*!40103 SET TIME_ZONE=@OLD_TIME_ZONE */;

/*!40101 SET SQL_MODE=@OLD_SQL_MODE */;
/*!40014 SET FOREIGN_KEY_CHECKS=@OLD_FOREIGN_KEY_CHECKS */;
/*!40014 SET UNIQUE_CHECKS=@OLD_UNIQUE_CHECKS */;
/*!40101 SET CHARACTER_SET_CLIENT=@OLD_CHARACTER_SET_CLIENT */;
/*!40101 SET CHARACTER_SET_RESULTS=@OLD_CHARACTER_SET_RESULTS */;
/*!40101 SET COLLATION_CONNECTION=@OLD_COLLATION_CONNECTION */;
/*!40111 SET SQL_NOTES=@OLD_SQL_NOTES */;

-- Dump completed on 2017-06-23 20:33:25
